id,createdBy,createdDate,lastModifiedBy,lastModifiedDate,month,year,total_charge,k_wh_consumption,blended_rate,electricity_rate,energy_charge,transaction_charge,distribution_charge,local_account_charge,tax,rate_riders,building_id
"00300981-29c2-4bd4-a677-1c70b9c9799b","system","2020-10-14 23:38:18.129","system","2020-10-14 23:38:18.129",2,2014,0,135,0,0,0,0,0,0,0,0,NULL
"004fed38-7ff4-43ef-9356-ce820677a75d","system","2020-10-14 23:38:01.625","system","2020-10-14 23:38:01.625",2,2012,0,3122,0,0,0,0,0,0,0,0,NULL
"00a1e5b0-cdd5-447c-b32c-a2dbc1b9747b","system","2020-07-16 18:13:53.752","system","2020-07-16 18:13:53.752",11,2019,1355140,135514,0,0,0,0,0,0,0,0,"77a974c2-d179-4241-8095-faccf36ae8c2"
"00b6c68c-2d05-46b5-8257-635693392027","system","2020-10-14 23:36:21.615","system","2020-10-14 23:36:21.615",11,2017,0,4681,0,0,0,0,0,0,0,0,NULL
"00ceff5e-95cb-460c-9122-c501f12a712f","system","2020-07-16 18:13:53.752","system","2020-07-16 18:13:53.752",6,2019,1281820,128182,0,0,0,0,0,0,0,0,"77a974c2-d179-4241-8095-faccf36ae8c2"
"00d09e0f-5967-4fff-93a6-2f511c2eef59","system","2020-07-16 18:13:53.752","system","2020-07-16 18:13:53.752",10,2019,1276230,127623,0,0,0,0,0,0,0,0,"55084321-7867-4d7d-b676-107287c76710"
"0157d2c4-c71f-4e81-99c8-808b13385348","system","2020-10-14 23:36:21.615","system","2020-10-14 23:36:21.615",6,2017,0,3634,0,0,0,0,0,0,0,0,NULL
"0161def3-3d79-4bbd-bdf1-6b76c17144c9","system","2020-10-14 23:38:01.625","system","2020-10-14 23:38:01.625",9,2011,0,3276,0,0,0,0,0,0,0,0,NULL
"02b23cd7-3e74-418d-92a1-d01d67a77079","system","2020-10-14 23:37:32.837","system","2020-10-14 23:37:32.837",0,2019,0,4278,0,0,0,0,0,0,0,0,NULL
"02fa7f0a-9561-473f-8757-4490033af4e6","system","2020-10-14 23:37:32.837","system","2020-10-14 23:37:32.837",11,2016,0,5362,0,0,0,0,0,0,0,0,NULL
"0308e313-2ae7-4470-abcc-7f88feab4f22","system","2020-07-16 18:13:53.752","system","2020-07-16 18:13:53.752",3,2018,1395480,139548,0,0,0,0,0,0,0,0,"54982639-0e81-4694-a82d-002740f246da"
"03158fc1-2de5-419d-8858-d7eb740506ce","system","2020-07-16 18:13:53.752","system","2020-07-16 18:13:53.752",5,2018,1265380,126538,0,0,0,0,0,0,0,0,"77a974c2-d179-4241-8095-faccf36ae8c2"
"04782888-5e49-4b2f-95c2-67259d373ef1","system","2020-07-16 18:13:53.752","system","2020-07-16 18:13:53.752",10,2018,1365250,136525,0,0,0,0,0,0,0,0,"55084321-7867-4d7d-b676-107287c76710"
"0594ffcc-aaf4-4b38-bf3b-f6f4f163cc17","system","2020-10-14 23:38:01.625","system","2020-10-14 23:38:01.625",10,2014,0,2939,0,0,0,0,0,0,0,0,NULL
"05a78b8e-4f6d-4a95-848e-f4ad25ea7009","system","2020-07-16 18:13:53.752","system","2020-07-16 18:13:53.752",11,2018,1378240,137824,0,0,0,0,0,0,0,0,"77a974c2-d179-4241-8095-faccf36ae8c2"
"0719a6da-df2a-4f3c-9dd4-8c4376d5c973","system","2020-07-16 18:13:53.752","system","2020-07-16 18:13:53.752",3,2017,1424330,142433,0,0,0,0,0,0,0,0,"54982639-0e81-4694-a82d-002740f246da"
"0735f3df-a8c5-4e62-a759-f41dad4e61d4","system","2020-10-14 23:37:32.837","system","2020-10-14 23:37:32.837",7,2016,0,6346,0,0,0,0,0,0,0,0,NULL
"07b883fd-5d22-41f9-bdb5-878afb5a299b","system","2020-07-16 18:13:53.752","system","2020-07-16 18:13:53.752",9,2017,1279130,127913,0,0,0,0,0,0,0,0,"c307a9a5-fe80-4dac-82f5-10c99eae188c"
"08026ecc-db9f-435a-8822-fb33e7d81fd3","system","2020-10-14 23:38:01.625","system","2020-10-14 23:38:01.625",0,2013,0,3418,0,0,0,0,0,0,0,0,NULL
"0804d1dd-ca68-4e35-9a9f-4ba52d333657","system","2020-07-16 18:13:53.752","system","2020-07-16 18:13:53.752",8,2018,1299230,129923,0,0,0,0,0,0,0,0,"f78ca5ea-c94b-49b2-827d-7ca5e322c4b2"
"08354b47-186c-44e0-8967-fae6ac451bd6","system","2020-10-14 23:38:18.129","system","2020-10-14 23:38:18.129",11,2013,0,110,0,0,0,0,0,0,0,0,NULL
"08bb6206-c922-4516-af4e-501de1acb4fc","system","2020-10-14 23:36:21.615","system","2020-10-14 23:36:21.615",8,2019,0,4360,0,0,0,0,0,0,0,0,NULL
"0961ff50-668f-48c8-9221-52d69b803afb","system","2020-10-14 23:37:32.837","system","2020-10-14 23:37:32.837",4,2019,0,3781,0,0,0,0,0,0,0,0,NULL
"097d3736-23e2-4f34-87a4-5b2b5e337f6d","system","2020-07-16 18:13:53.752","system","2020-07-16 18:13:53.752",10,2019,1276230,127623,0,0,0,0,0,0,0,0,"77a974c2-d179-4241-8095-faccf36ae8c2"
"0a243999-cc93-43b9-a84c-9a29b95f847a","system","2020-07-16 18:13:53.752","system","2020-07-16 18:13:53.752",5,2018,1265380,126538,0,0,0,0,0,0,0,0,"f78ca5ea-c94b-49b2-827d-7ca5e322c4b2"
"0a7ecabf-8ce7-49fd-925e-8667d7d53d40","system","2020-10-14 23:38:01.625","system","2020-10-14 23:38:01.625",11,2011,0,3104,0,0,0,0,0,0,0,0,NULL
"0b693512-a6e2-48e4-acad-6a76997af23a","system","2020-07-16 18:13:53.752","system","2020-07-16 18:13:53.752",4,2017,1261490,126149,0,0,0,0,0,0,0,0,"55084321-7867-4d7d-b676-107287c76710"
"0bd68844-cc0a-40c6-90f4-42f164427d04","system","2020-10-14 23:38:01.625","system","2020-10-14 23:38:01.625",11,2010,0,3029,0,0,0,0,0,0,0,0,NULL
"0d951bd2-04f9-4461-9bf2-a9872c8516df","system","2020-10-14 23:38:01.625","system","2020-10-14 23:38:01.625",7,2013,0,2332,0,0,0,0,0,0,0,0,NULL
"0dbcc5dc-5557-4dd0-bb43-0147a012f0e9","system","2020-07-16 18:13:53.752","system","2020-07-16 18:13:53.752",1,2017,1437380,143738,0,0,0,0,0,0,0,0,"41898bb2-578e-4de1-90d2-17d529c09342"
"0de944ac-43f9-4bdf-862d-31d2470d9444","system","2020-07-16 18:13:53.752","system","2020-07-16 18:13:53.752",7,2017,1294570,129457,0,0,0,0,0,0,0,0,"77a974c2-d179-4241-8095-faccf36ae8c2"
"0e117d7b-ce31-4075-ba1b-2846a1ab3a7e","system","2020-10-14 23:37:32.837","system","2020-10-14 23:37:32.837",3,2018,0,3661,0,0,0,0,0,0,0,0,NULL
"100c2491-9e5f-4c04-adaf-70b004e0640e","system","2020-10-14 23:38:01.625","system","2020-10-14 23:38:01.625",2,2015,0,1611,0,0,0,0,0,0,0,0,NULL
"104d72c0-c55a-4605-9ad4-504bb8ec4a4d","system","2020-10-14 23:37:32.837","system","2020-10-14 23:37:32.837",5,2018,0,3416,0,0,0,0,0,0,0,0,NULL
"10f192e1-ca11-4f82-97c7-ca4ad5de6146","system","2020-07-16 18:13:53.752","system","2020-07-16 18:13:53.752",8,2017,1319920,131992,0,0,0,0,0,0,0,0,"f78ca5ea-c94b-49b2-827d-7ca5e322c4b2"
"113ce66f-ec93-4432-9aa3-74ddc0c5dc5e","system","2020-10-14 23:38:01.625","system","2020-10-14 23:38:01.625",1,2011,0,2820,0,0,0,0,0,0,0,0,NULL
"11827c88-5b8a-4fe4-9ff3-5453f2e7dccc","system","2020-07-16 18:13:53.752","system","2020-07-16 18:13:53.752",8,2017,1319920,131992,0,0,0,0,0,0,0,0,"54982639-0e81-4694-a82d-002740f246da"
"129fcb73-8197-4eb8-b09f-85b727dd46c4","system","2020-07-16 18:13:53.752","system","2020-07-16 18:13:53.752",4,2018,1305530,130553,0,0,0,0,0,0,0,0,"41898bb2-578e-4de1-90d2-17d529c09342"
"13267e4e-661d-46b0-94c9-9164618e924a","system","2020-10-14 23:38:01.625","system","2020-10-14 23:38:01.625",8,2010,0,2668,0,0,0,0,0,0,0,0,NULL
"13d14a3e-ee17-41d6-92d1-e8ce9b8b97b2","system","2020-07-16 18:13:53.752","system","2020-07-16 18:13:53.752",7,2018,1310710,131071,0,0,0,0,0,0,0,0,"55084321-7867-4d7d-b676-107287c76710"
"14310d23-6707-48dd-b0af-c97404087f0b","system","2020-07-16 18:13:53.752","system","2020-07-16 18:13:53.752",11,2019,1355140,135514,0,0,0,0,0,0,0,0,"54982639-0e81-4694-a82d-002740f246da"
"149e3013-ee7e-4476-9323-1402c3fc8c49","system","2020-07-16 18:13:53.752","system","2020-07-16 18:13:53.752",4,2019,1328960,132896,0,0,0,0,0,0,0,0,"b4bd475a-5c43-4e6c-90a2-0b8ffb19979c"
"154f7906-8e4c-4092-8a72-348652541fa2","system","2020-07-16 18:13:53.752","system","2020-07-16 18:13:53.752",2,2019,1415930,141593,0,0,0,0,0,0,0,0,"f78ca5ea-c94b-49b2-827d-7ca5e322c4b2"
"157008f5-8896-49e0-945d-7876d8c2072b","system","2020-07-16 18:13:53.752","system","2020-07-16 18:13:53.752",8,2017,1319920,131992,0,0,0,0,0,0,0,0,"77a974c2-d179-4241-8095-faccf36ae8c2"
"162a9d98-e0a6-4735-8cea-ee3220166d13","system","2020-10-14 23:36:21.615","system","2020-10-14 23:36:21.615",5,2019,0,3756,0,0,0,0,0,0,0,0,NULL
"168a91bd-22e7-40a8-83f7-286f0cfbf071","system","2020-07-16 18:13:53.752","system","2020-07-16 18:13:53.752",8,2019,1294850,129485,0,0,0,0,0,0,0,0,"41898bb2-578e-4de1-90d2-17d529c09342"
"17345e8d-7ca4-4468-967e-fa3adfa724a4","system","2020-10-14 23:38:01.625","system","2020-10-14 23:38:01.625",11,2015,0,3263,0,0,0,0,0,0,0,0,NULL
"17e4ee84-f0a6-4e09-8f6a-c4dd6f328eb1","system","2020-10-14 23:38:18.129","system","2020-10-14 23:38:18.129",5,2014,0,139,0,0,0,0,0,0,0,0,NULL
"18560b43-2c71-4141-b2e4-3a239037d643","system","2020-07-16 18:13:53.752","system","2020-07-16 18:13:53.752",12,2019,1485370,148537,0,0,0,0,0,0,0,0,"77a974c2-d179-4241-8095-faccf36ae8c2"
"18d6411b-eaab-445e-8c10-bafcb1bdffc0","system","2020-07-16 18:13:53.752","system","2020-07-16 18:13:53.752",5,2019,1306320,130632,0,0,0,0,0,0,0,0,"f78ca5ea-c94b-49b2-827d-7ca5e322c4b2"
"19ef8181-50bf-4363-a708-ec5c983dc23d","system","2020-10-14 23:38:01.625","system","2020-10-14 23:38:01.625",4,2012,0,2866,0,0,0,0,0,0,0,0,NULL
"1a34d6ed-4721-4200-9032-fdbaf8d5a0f2","system","2020-10-14 23:37:32.837","system","2020-10-14 23:37:32.837",2,2019,0,4083,0,0,0,0,0,0,0,0,NULL
"1a42a69d-e950-4b44-b8a0-c321632b0c0e","system","2020-07-16 18:13:53.752","system","2020-07-16 18:13:53.752",5,2017,1249380,124938,0,0,0,0,0,0,0,0,"b4bd475a-5c43-4e6c-90a2-0b8ffb19979c"
"1bab55f7-a5b4-403f-b6be-50210b382a0e","system","2020-07-16 18:13:53.752","system","2020-07-16 18:13:53.752",9,2018,1238440,123844,0,0,0,0,0,0,0,0,"c307a9a5-fe80-4dac-82f5-10c99eae188c"
"1bf9145f-bb6f-4953-901a-bc498e928835","system","2020-10-14 23:38:01.625","system","2020-10-14 23:38:01.625",8,2013,0,2811,0,0,0,0,0,0,0,0,NULL
"1c51857b-ce01-4b9e-9dab-eac82ca0bdb7","system","2020-10-14 23:38:18.129","system","2020-10-14 23:38:18.129",0,2014,0,118,0,0,0,0,0,0,0,0,NULL
"1d9a0c29-f6b7-48d0-b760-8882f480013e","system","2020-07-16 18:13:53.752","system","2020-07-16 18:13:53.752",7,2017,1294570,129457,0,0,0,0,0,0,0,0,"c307a9a5-fe80-4dac-82f5-10c99eae188c"
"1d9b9fc4-ad92-4918-8cea-9bf404585563","system","2020-07-16 18:13:53.752","system","2020-07-16 18:13:53.752",12,2019,1485370,148537,0,0,0,0,0,0,0,0,"c307a9a5-fe80-4dac-82f5-10c99eae188c"
"1dc7ff64-bbca-4a15-a954-cde9267d7a9e","system","2020-10-14 23:36:21.615","system","2020-10-14 23:36:21.615",7,2017,0,3829,0,0,0,0,0,0,0,0,NULL
"1e214a8b-c6e6-4ccc-bb8a-a32b2a43c168","system","2020-07-16 18:13:53.752","system","2020-07-16 18:13:53.752",2,2017,1340740,134074,0,0,0,0,0,0,0,0,"55084321-7867-4d7d-b676-107287c76710"
"1e33f5b3-71e9-44a6-ab35-d547fd358356","system","2020-07-16 18:13:53.752","system","2020-07-16 18:13:53.752",8,2018,1299230,129923,0,0,0,0,0,0,0,0,"41898bb2-578e-4de1-90d2-17d529c09342"
"1f33c949-31c1-4325-a23b-d829b9a6d0dc","system","2020-07-16 18:13:53.752","system","2020-07-16 18:13:53.752",10,2017,1334700,133470,0,0,0,0,0,0,0,0,"41898bb2-578e-4de1-90d2-17d529c09342"
"1f505e21-d5f7-4a48-bdc1-b0cd50ea9716","system","2020-07-16 18:13:53.752","system","2020-07-16 18:13:53.752",10,2019,1276230,127623,0,0,0,0,0,0,0,0,"f78ca5ea-c94b-49b2-827d-7ca5e322c4b2"
"20d08202-c4b1-472e-a3ab-4e8fff415d0b","system","2020-07-16 18:13:53.752","system","2020-07-16 18:13:53.752",5,2018,1265380,126538,0,0,0,0,0,0,0,0,"c307a9a5-fe80-4dac-82f5-10c99eae188c"
"20ffbc56-6ae4-46d0-bcc8-1f401bf84a68","system","2020-07-16 18:13:53.752","system","2020-07-16 18:13:53.752",6,2019,1281820,128182,0,0,0,0,0,0,0,0,"41898bb2-578e-4de1-90d2-17d529c09342"
"2139a36f-cf29-4ee9-8514-152bb8080734","system","2020-10-14 23:38:18.129","system","2020-10-14 23:38:18.129",1,2014,0,125,0,0,0,0,0,0,0,0,NULL
"21736291-66fc-4e73-8d06-c6f99642819e","system","2020-07-16 18:13:53.752","system","2020-07-16 18:13:53.752",6,2017,1224200,122420,0,0,0,0,0,0,0,0,"77a974c2-d179-4241-8095-faccf36ae8c2"
"21744b74-fce9-481a-8545-da6a72b936b3","system","2020-07-16 18:13:53.752","system","2020-07-16 18:13:53.752",9,2018,1238440,123844,0,0,0,0,0,0,0,0,"77a974c2-d179-4241-8095-faccf36ae8c2"
"22637b47-88dc-4b51-a9c1-e277a5cbb9e0","system","2020-10-14 23:38:01.625","system","2020-10-14 23:38:01.625",6,2010,0,1988,0,0,0,0,0,0,0,0,NULL
"226a767b-d444-4dfe-9d93-93348b5e9c68","system","2020-07-16 18:13:53.752","system","2020-07-16 18:13:53.752",6,2019,1281820,128182,0,0,0,0,0,0,0,0,"54982639-0e81-4694-a82d-002740f246da"
"23881839-6992-4b8e-82e8-474da1d677e8","system","2020-07-16 18:13:53.752","system","2020-07-16 18:13:53.752",4,2019,1328960,132896,0,0,0,0,0,0,0,0,"77a974c2-d179-4241-8095-faccf36ae8c2"
"23885fad-8db7-4e8b-ac74-f012f3fb49ab","system","2020-07-16 18:13:53.752","system","2020-07-16 18:13:53.752",3,2018,1395480,139548,0,0,0,0,0,0,0,0,"41898bb2-578e-4de1-90d2-17d529c09342"
"24493f7b-d7b4-454f-aea4-d712cefd511a","system","2020-07-16 18:13:53.752","system","2020-07-16 18:13:53.752",4,2017,1261490,126149,0,0,0,0,0,0,0,0,"54982639-0e81-4694-a82d-002740f246da"
"2522f230-c380-4bc6-b865-233d8b6faf1a","system","2020-10-14 23:36:21.615","system","2020-10-14 23:36:21.615",2,2019,0,4083,0,0,0,0,0,0,0,0,NULL
"2527550d-bfd0-4729-af79-f8fb00236072","system","2020-10-14 23:38:01.625","system","2020-10-14 23:38:01.625",2,2011,0,3229,0,0,0,0,0,0,0,0,NULL
"25d01807-f52f-49e9-876d-caf58be890b0","system","2020-07-16 18:13:53.752","system","2020-07-16 18:13:53.752",2,2017,1340740,134074,0,0,0,0,0,0,0,0,"77a974c2-d179-4241-8095-faccf36ae8c2"
"26b83ca5-a4f3-4161-8882-f17600587c73","system","2020-10-14 23:37:32.837","system","2020-10-14 23:37:32.837",5,2017,0,3680,0,0,0,0,0,0,0,0,NULL
"282c7477-b62a-48a9-bd2a-308f3b111a70","system","2020-10-14 23:38:18.129","system","2020-10-14 23:38:18.129",9,2014,0,114,0,0,0,0,0,0,0,0,NULL
"28998f7b-83b7-47cb-a19b-c4e61ccf8c09","system","2020-07-16 18:13:53.752","system","2020-07-16 18:13:53.752",3,2019,1454250,145425,0,0,0,0,0,0,0,0,"c307a9a5-fe80-4dac-82f5-10c99eae188c"
"28a001a3-f483-4961-a869-9f515adf810f","system","2020-07-16 18:13:53.752","system","2020-07-16 18:13:53.752",8,2018,1299230,129923,0,0,0,0,0,0,0,0,"c307a9a5-fe80-4dac-82f5-10c99eae188c"
"2913969c-f438-487d-b136-d08983d0270c","system","2020-07-16 18:13:53.752","system","2020-07-16 18:13:53.752",8,2017,1319920,131992,0,0,0,0,0,0,0,0,"c307a9a5-fe80-4dac-82f5-10c99eae188c"
"294512ce-047c-4ed1-b626-5d1bf40fa6a1","system","2020-07-16 18:13:53.752","system","2020-07-16 18:13:53.752",9,2019,1229520,122952,0,0,0,0,0,0,0,0,"b4bd475a-5c43-4e6c-90a2-0b8ffb19979c"
"294678fd-0532-43e1-8af0-37493444c885","system","2020-07-16 18:13:53.752","system","2020-07-16 18:13:53.752",12,2019,1485370,148537,0,0,0,0,0,0,0,0,"b4bd475a-5c43-4e6c-90a2-0b8ffb19979c"
"29957f40-cd41-4109-99e1-8f164039d762","system","2020-10-14 23:38:01.625","system","2020-10-14 23:38:01.625",4,2014,0,3158.5,0,0,0,0,0,0,0,0,NULL
"29bfb434-b583-46fc-b588-ed715e43efb9","system","2020-10-14 23:38:01.625","system","2020-10-14 23:38:01.625",5,2013,0,2318,0,0,0,0,0,0,0,0,NULL
"2a29a2eb-5373-4642-a1f7-af85e1ef4361","system","2020-07-16 18:13:53.752","system","2020-07-16 18:13:53.752",6,2018,1234950,123495,0,0,0,0,0,0,0,0,"54982639-0e81-4694-a82d-002740f246da"
"2a2cbb7c-a4da-42d0-8e55-b8b43a1a4b16","system","2020-10-14 23:38:01.625","system","2020-10-14 23:38:01.625",9,2013,0,3241,0,0,0,0,0,0,0,0,NULL
"2a590165-7514-4307-85e0-b4ad4b0c863b","system","2020-07-16 18:13:53.752","system","2020-07-16 18:13:53.752",10,2019,1276230,127623,0,0,0,0,0,0,0,0,"54982639-0e81-4694-a82d-002740f246da"
"2a63d9a8-9d47-4244-87c2-edad609a73b0","system","2020-10-14 23:36:21.615","system","2020-10-14 23:36:21.615",6,2019,0,3986,0,0,0,0,0,0,0,0,NULL
"2b2a8e9e-9c6d-4e59-94c2-e329efc7dbd5","system","2020-07-16 18:13:53.752","system","2020-07-16 18:13:53.752",5,2018,1265380,126538,0,0,0,0,0,0,0,0,"41898bb2-578e-4de1-90d2-17d529c09342"
"2b2be3ee-d52b-4087-a171-6172ad1e093a","system","2020-07-16 18:13:53.752","system","2020-07-16 18:13:53.752",1,2018,1491940,149194,0,0,0,0,0,0,0,0,"41898bb2-578e-4de1-90d2-17d529c09342"
"2d49e068-bec5-47ca-a8ef-f94e22f61814","system","2020-10-14 23:38:01.625","system","2020-10-14 23:38:01.625",6,2016,0,2542,0,0,0,0,0,0,0,0,NULL
"2e2a6880-5441-4b53-aab5-9e2d0f333bc0","system","2020-07-16 18:13:53.752","system","2020-07-16 18:13:53.752",2,2018,1332650,133265,0,0,0,0,0,0,0,0,"c307a9a5-fe80-4dac-82f5-10c99eae188c"
"2f55c47c-2b3b-4ffc-87b9-c082daf1c9fa","system","2020-07-16 18:13:53.752","system","2020-07-16 18:13:53.752",3,2017,1424330,142433,0,0,0,0,0,0,0,0,"c307a9a5-fe80-4dac-82f5-10c99eae188c"
"2ff6efc5-a0af-48ad-8dc4-6ca8f3ed2c71","system","2020-07-16 18:13:53.752","system","2020-07-16 18:13:53.752",9,2018,1238440,123844,0,0,0,0,0,0,0,0,"54982639-0e81-4694-a82d-002740f246da"
"30390ea6-8d2c-4fb8-b648-a10426bd5788","system","2020-07-16 18:13:53.752","system","2020-07-16 18:13:53.752",9,2018,1238440,123844,0,0,0,0,0,0,0,0,"b4bd475a-5c43-4e6c-90a2-0b8ffb19979c"
"3060d088-4f10-412d-8550-fe59fc543b75","system","2020-10-14 23:37:32.837","system","2020-10-14 23:37:32.837",0,2020,0,4724,0,0,0,0,0,0,0,0,NULL
"30a911f2-5a9e-4b4f-aad4-783341810880","system","2020-10-14 23:38:01.625","system","2020-10-14 23:38:01.625",6,2012,0,2531,0,0,0,0,0,0,0,0,NULL
"3123db1b-b580-4509-8684-0d9a1984ba2f","system","2020-10-14 23:38:01.625","system","2020-10-14 23:38:01.625",9,2014,0,3185,0,0,0,0,0,0,0,0,NULL
"3150ed7f-5930-46d3-bd48-62dfffe43c70","system","2020-07-16 18:13:53.752","system","2020-07-16 18:13:53.752",5,2017,1249380,124938,0,0,0,0,0,0,0,0,"41898bb2-578e-4de1-90d2-17d529c09342"
"31f786a9-b0d2-484a-a4a5-fa8cded56172","system","2020-07-16 18:13:53.752","system","2020-07-16 18:13:53.752",4,2017,1261490,126149,0,0,0,0,0,0,0,0,"41898bb2-578e-4de1-90d2-17d529c09342"
"326174fe-3039-476b-8a0f-7c02a77d81db","system","2020-10-14 23:37:32.837","system","2020-10-14 23:37:32.837",1,2020,0,4272,0,0,0,0,0,0,0,0,NULL
"326fcc7e-acb2-4575-913f-9ded825a298e","system","2020-07-16 18:13:53.752","system","2020-07-16 18:13:53.752",3,2018,1395480,139548,0,0,0,0,0,0,0,0,"77a974c2-d179-4241-8095-faccf36ae8c2"
"32c88438-6e44-47e1-9112-c9bb9e31801f","system","2020-07-16 18:13:53.752","system","2020-07-16 18:13:53.752",7,2018,1310710,131071,0,0,0,0,0,0,0,0,"c307a9a5-fe80-4dac-82f5-10c99eae188c"
"32ef9e59-4ac9-499e-8ca3-15259161b731","system","2020-10-14 23:36:21.615","system","2020-10-14 23:36:21.615",11,2019,0,4481,0,0,0,0,0,0,0,0,NULL
"336727dd-5aab-4622-990d-9ffb053ae1c9","system","2020-10-14 23:38:18.129","system","2020-10-14 23:38:18.129",4,2015,0,143,0,0,0,0,0,0,0,0,NULL
"34732902-07ac-4b8b-8898-ecfaa1c7a8a2","system","2020-07-16 18:13:53.752","system","2020-07-16 18:13:53.752",10,2017,1334700,133470,0,0,0,0,0,0,0,0,"54982639-0e81-4694-a82d-002740f246da"
"34b9f5f8-ccad-4841-ab00-00efd75ee885","system","2020-07-16 18:13:53.752","system","2020-07-16 18:13:53.752",3,2017,1424330,142433,0,0,0,0,0,0,0,0,"41898bb2-578e-4de1-90d2-17d529c09342"
"352a4c22-dd39-4641-a1e3-d62b0185a6b4","system","2020-10-14 23:38:01.625","system","2020-10-14 23:38:01.625",7,2015,0,2546,0,0,0,0,0,0,0,0,NULL
"36340c87-105a-4f18-b60e-f6ce84e3e6a5","system","2020-10-14 23:38:01.625","system","2020-10-14 23:38:01.625",7,2016,0,2596,0,0,0,0,0,0,0,0,NULL
"36df26dd-ea91-46b2-8b01-8d410f985ba2","system","2020-10-14 23:38:01.625","system","2020-10-14 23:38:01.625",6,2014,0,2531,0,0,0,0,0,0,0,0,NULL
"370a78d4-61b7-418f-8305-3472d6ea8c5f","system","2020-10-14 23:38:01.625","system","2020-10-14 23:38:01.625",10,2011,0,3150,0,0,0,0,0,0,0,0,NULL
"37328074-641b-4ae5-898a-35e13dbde5c8","system","2020-10-14 23:38:01.625","system","2020-10-14 23:38:01.625",6,2013,0,2531,0,0,0,0,0,0,0,0,NULL
"37f5702b-3229-4309-89da-14c3035d8d86","system","2020-07-16 18:13:53.752","system","2020-07-16 18:13:53.752",11,2017,1414890,141489,0,0,0,0,0,0,0,0,"41898bb2-578e-4de1-90d2-17d529c09342"
"38d0f240-e494-4722-802c-de2eedd117e5","system","2020-10-14 23:38:01.625","system","2020-10-14 23:38:01.625",9,2016,0,3238,0,0,0,0,0,0,0,0,NULL
"3ab3365d-31f3-47ce-ad4f-f7f90a8d0292","system","2020-07-16 18:13:53.752","system","2020-07-16 18:13:53.752",9,2018,1238440,123844,0,0,0,0,0,0,0,0,"55084321-7867-4d7d-b676-107287c76710"
"3bdc5976-e342-46e7-863f-819e2388b9fe","system","2020-07-16 18:13:53.752","system","2020-07-16 18:13:53.752",2,2017,1340740,134074,0,0,0,0,0,0,0,0,"54982639-0e81-4694-a82d-002740f246da"
"3c7eac97-8261-40a6-9f25-9ed008e8c1f9","system","2020-10-14 23:38:01.625","system","2020-10-14 23:38:01.625",0,2014,0,3418,0,0,0,0,0,0,0,0,NULL
"3d7e496b-c0e1-4b2f-9e95-41aef170bc6a","system","2020-07-16 18:13:53.752","system","2020-07-16 18:13:53.752",4,2018,1305530,130553,0,0,0,0,0,0,0,0,"b4bd475a-5c43-4e6c-90a2-0b8ffb19979c"
"3f7bff17-819b-495f-ab90-ed60b3cd16f0","system","2020-10-14 23:36:21.615","system","2020-10-14 23:36:21.615",4,2019,0,3781,0,0,0,0,0,0,0,0,NULL
"40bc0794-3f57-4be0-8432-646de824f5ce","system","2020-10-14 23:36:21.615","system","2020-10-14 23:36:21.615",2,2018,0,3860,0,0,0,0,0,0,0,0,NULL
"40e174a2-1122-4576-bb38-6879c4918689","system","2020-07-16 18:13:53.752","system","2020-07-16 18:13:53.752",4,2019,1328960,132896,0,0,0,0,0,0,0,0,"41898bb2-578e-4de1-90d2-17d529c09342"
"40eae86e-9ac4-41e2-8b73-8aa3142b5fed","system","2020-10-14 23:37:32.837","system","2020-10-14 23:37:32.837",1,2019,0,4194,0,0,0,0,0,0,0,0,NULL
"4140e204-c2fd-4222-922a-56c030c96b74","system","2020-07-16 18:13:53.752","system","2020-07-16 18:13:53.752",8,2017,1319920,131992,0,0,0,0,0,0,0,0,"55084321-7867-4d7d-b676-107287c76710"
"41b3dc90-3836-4703-b83c-c3606c244894","system","2020-07-16 18:13:53.752","system","2020-07-16 18:13:53.752",7,2018,1310710,131071,0,0,0,0,0,0,0,0,"54982639-0e81-4694-a82d-002740f246da"
"41dce4ca-bbfd-4789-b5e2-72b2e4abba40","system","2020-10-14 23:38:01.625","system","2020-10-14 23:38:01.625",4,2010,0,2409,0,0,0,0,0,0,0,0,NULL
"41f0856b-e175-4ba2-8d46-c053e387f07b","system","2020-07-16 18:13:53.752","system","2020-07-16 18:13:53.752",7,2019,1363130,136313,0,0,0,0,0,0,0,0,"b4bd475a-5c43-4e6c-90a2-0b8ffb19979c"
"42f4716d-d156-41a5-bf55-578f03ed3cf1","system","2020-10-14 23:37:32.837","system","2020-10-14 23:37:32.837",3,2019,0,3719,0,0,0,0,0,0,0,0,NULL
"42f4f61f-7590-453c-85e1-157eae64dddf","system","2020-10-14 23:38:01.625","system","2020-10-14 23:38:01.625",3,2015,0,1569,0,0,0,0,0,0,0,0,NULL
"436c5c67-47e8-40f7-97ee-87b6095810fa","system","2020-07-16 18:13:53.752","system","2020-07-16 18:13:53.752",2,2017,1340740,134074,0,0,0,0,0,0,0,0,"41898bb2-578e-4de1-90d2-17d529c09342"
"43e4bc53-01e8-45dd-b224-86a5f60de2fa","system","2020-07-16 18:13:53.752","system","2020-07-16 18:13:53.752",10,2018,1365250,136525,0,0,0,0,0,0,0,0,"b4bd475a-5c43-4e6c-90a2-0b8ffb19979c"
"4411fe49-fd40-46dc-b0c1-e9aff943dccb","system","2020-10-14 23:36:21.615","system","2020-10-14 23:36:21.615",3,2020,0,5269,0,0,0,0,0,0,0,0,NULL
"44208e8d-5b63-49b3-b502-a334b34ac8dd","system","2020-07-16 18:13:53.752","system","2020-07-16 18:13:53.752",2,2018,1332650,133265,0,0,0,0,0,0,0,0,"f78ca5ea-c94b-49b2-827d-7ca5e322c4b2"
"453467f3-3661-469a-adbf-b40c2e834cb5","system","2020-07-16 18:13:53.752","system","2020-07-16 18:13:53.752",12,2017,1461830,146183,0,0,0,0,0,0,0,0,"b4bd475a-5c43-4e6c-90a2-0b8ffb19979c"
"45744391-0d63-4a64-80c8-78b8ff79c6a7","system","2020-07-16 18:13:53.752","system","2020-07-16 18:13:53.752",9,2019,1229520,122952,0,0,0,0,0,0,0,0,"77a974c2-d179-4241-8095-faccf36ae8c2"
"45bc1a2a-21a0-4344-aa89-d4b62cbc49c5","system","2020-07-16 18:13:53.752","system","2020-07-16 18:13:53.752",11,2019,1355140,135514,0,0,0,0,0,0,0,0,"b4bd475a-5c43-4e6c-90a2-0b8ffb19979c"
"46402f6f-b7c8-491b-b15b-20673e65c8f1","system","2020-10-14 23:38:18.129","system","2020-10-14 23:38:18.129",11,2014,0,110,0,0,0,0,0,0,0,0,NULL
"4665fbb8-ea91-41c8-8f12-333a71f4e60f","system","2020-10-14 23:37:32.837","system","2020-10-14 23:37:32.837",9,2019,0,4601,0,0,0,0,0,0,0,0,NULL
"47614470-74d6-4ddf-8681-c6aa9efce5ad","system","2020-07-16 18:13:53.752","system","2020-07-16 18:13:53.752",12,2018,1508900,150890,0,0,0,0,0,0,0,0,"41898bb2-578e-4de1-90d2-17d529c09342"
"47627407-d3fd-4ae1-ad89-87b45082b277","system","2020-07-16 18:13:53.752","system","2020-07-16 18:13:53.752",3,2019,1454250,145425,0,0,0,0,0,0,0,0,"77a974c2-d179-4241-8095-faccf36ae8c2"
"481b9cff-f2dd-4210-b4ef-bebb7e9649f3","system","2020-07-16 18:13:53.752","system","2020-07-16 18:13:53.752",10,2017,1334700,133470,0,0,0,0,0,0,0,0,"77a974c2-d179-4241-8095-faccf36ae8c2"
"4928cd8a-14af-4d2d-810e-25621d900d7f","system","2020-07-16 18:13:53.752","system","2020-07-16 18:13:53.752",11,2019,1355140,135514,0,0,0,0,0,0,0,0,"41898bb2-578e-4de1-90d2-17d529c09342"
"4a88cbf5-3b81-4c5a-8774-1aa15e63d00b","system","2020-07-16 18:13:53.752","system","2020-07-16 18:13:53.752",12,2017,1461830,146183,0,0,0,0,0,0,0,0,"41898bb2-578e-4de1-90d2-17d529c09342"
"4add1787-23db-4857-9488-94963942b478","system","2020-07-16 18:13:53.752","system","2020-07-16 18:13:53.752",9,2017,1279130,127913,0,0,0,0,0,0,0,0,"b4bd475a-5c43-4e6c-90a2-0b8ffb19979c"
"4bae700b-4b69-4212-8ef0-0580dd8cfb86","system","2020-07-16 18:13:53.752","system","2020-07-16 18:13:53.752",9,2019,1229520,122952,0,0,0,0,0,0,0,0,"41898bb2-578e-4de1-90d2-17d529c09342"
"4bcf00bf-d5f1-474e-aaf4-65a670fc16b2","system","2020-10-14 23:37:32.837","system","2020-10-14 23:37:32.837",9,2018,0,3856,0,0,0,0,0,0,0,0,NULL
"4d268c4a-b2cd-4fd2-a987-8c11e4dccad4","system","2020-10-14 23:36:21.615","system","2020-10-14 23:36:21.615",5,2016,0,402,0,0,0,0,0,0,0,0,NULL
"4d479410-19f7-4d3d-81fa-8fb0c60f5eb0","system","2020-10-14 23:37:32.837","system","2020-10-14 23:37:32.837",2,2020,0,5145,0,0,0,0,0,0,0,0,NULL
"4e597a0d-a9f0-4e58-acfb-d2d875941efe","system","2020-10-14 23:36:21.615","system","2020-10-14 23:36:21.615",9,2019,0,4601,0,0,0,0,0,0,0,0,NULL
"4ef2ee24-b76f-438b-9652-07568fd78785","system","2020-10-14 23:38:01.625","system","2020-10-14 23:38:01.625",1,2014,0,2836,0,0,0,0,0,0,0,0,NULL
"4f7fcbe2-dea2-4d54-a57b-af1ef50689db","system","2020-10-14 23:37:32.837","system","2020-10-14 23:37:32.837",8,2016,0,4108,0,0,0,0,0,0,0,0,NULL
"4faa61b7-570f-4005-a1bd-875b08403ff0","system","2020-07-16 18:13:53.752","system","2020-07-16 18:13:53.752",12,2018,1508900,150890,0,0,0,0,0,0,0,0,"f78ca5ea-c94b-49b2-827d-7ca5e322c4b2"
"4ff7ba05-c517-4dfc-825a-cbaf42751830","system","2020-10-14 23:37:32.837","system","2020-10-14 23:37:32.837",4,2018,0,3495,0,0,0,0,0,0,0,0,NULL
"507530e2-81c7-4d1f-84df-759719e7fc56","system","2020-10-14 23:36:21.615","system","2020-10-14 23:36:21.615",9,2016,0,4938,0,0,0,0,0,0,0,0,NULL
"5084ed82-9d81-471e-8b7b-d40bf70f8418","system","2020-10-14 23:38:01.625","system","2020-10-14 23:38:01.625",10,2016,0,3210,0,0,0,0,0,0,0,0,NULL
"50ee3958-285c-4c3e-b0af-221df20fec3c","system","2020-10-14 23:37:32.837","system","2020-10-14 23:37:32.837",3,2017,0,4694,0,0,0,0,0,0,0,0,NULL
"50ff299c-ad2f-4309-8c6d-a1668a0a7858","system","2020-07-16 18:13:53.752","system","2020-07-16 18:13:53.752",12,2018,1508900,150890,0,0,0,0,0,0,0,0,"54982639-0e81-4694-a82d-002740f246da"
"512a5d17-22cc-4f81-9ff5-7a0bfc8b12f6","system","2020-10-14 23:37:32.837","system","2020-10-14 23:37:32.837",10,2017,0,4726,0,0,0,0,0,0,0,0,NULL
"51b1f8ad-9fb2-4ff7-a127-949829b36dfa","system","2020-10-14 23:37:32.837","system","2020-10-14 23:37:32.837",7,2018,0,3551,0,0,0,0,0,0,0,0,NULL
"522eb21f-e280-49df-8836-e15cc42171f7","system","2020-10-14 23:36:21.615","system","2020-10-14 23:36:21.615",2,2020,0,5145,0,0,0,0,0,0,0,0,NULL
"524647e9-3223-4b43-a868-a9e8b682a545","system","2020-07-16 18:13:53.752","system","2020-07-16 18:13:53.752",12,2019,1485370,148537,0,0,0,0,0,0,0,0,"f78ca5ea-c94b-49b2-827d-7ca5e322c4b2"
"52948932-55a8-480b-9fa7-1e79ac5f8345","system","2020-07-16 18:13:53.752","system","2020-07-16 18:13:53.752",3,2019,1454250,145425,0,0,0,0,0,0,0,0,"54982639-0e81-4694-a82d-002740f246da"
"52b850bf-cc44-4e4c-b2b1-82576502cba7","system","2020-10-14 23:37:32.837","system","2020-10-14 23:37:32.837",5,2020,0,5178,0,0,0,0,0,0,0,0,NULL
"53034ba2-4035-445c-9fa9-25ae9fd26f45","system","2020-07-16 18:13:53.752","system","2020-07-16 18:13:53.752",4,2018,1305530,130553,0,0,0,0,0,0,0,0,"c307a9a5-fe80-4dac-82f5-10c99eae188c"
"53beff61-f52e-4731-8fc8-b8628e731066","system","2020-07-16 18:13:53.752","system","2020-07-16 18:13:53.752",12,2018,1508900,150890,0,0,0,0,0,0,0,0,"c307a9a5-fe80-4dac-82f5-10c99eae188c"
"5523e02f-4931-4efd-8a34-d5fefa95cfe0","system","2020-10-14 23:38:18.129","system","2020-10-14 23:38:18.129",1,2015,0,125,0,0,0,0,0,0,0,0,NULL
"56c6d262-b6ea-4475-9cbb-db36dca229e5","system","2020-10-14 23:38:01.625","system","2020-10-14 23:38:01.625",7,2010,0,2230,0,0,0,0,0,0,0,0,NULL
"56e82e13-1804-4bea-a0c4-963a000e4545","system","2020-10-14 23:36:21.615","system","2020-10-14 23:36:21.615",8,2016,0,4108,0,0,0,0,0,0,0,0,NULL
"57217f4a-34aa-413d-b675-513873d9ce4f","system","2020-10-14 23:36:21.615","system","2020-10-14 23:36:21.615",11,2016,0,5362,0,0,0,0,0,0,0,0,NULL
"589e6c21-1125-4781-997b-b24ce730f6c1","system","2020-07-16 18:13:53.752","system","2020-07-16 18:13:53.752",1,2019,1492650,149265,0,0,0,0,0,0,0,0,"77a974c2-d179-4241-8095-faccf36ae8c2"
"59ccd4ad-6d43-4c65-8001-ed06b4d1863e","system","2020-07-16 18:13:53.752","system","2020-07-16 18:13:53.752",3,2017,1424330,142433,0,0,0,0,0,0,0,0,"55084321-7867-4d7d-b676-107287c76710"
"59ea1974-2494-4e51-91a1-90b117fe7e94","system","2020-07-16 18:13:53.752","system","2020-07-16 18:13:53.752",1,2019,1492650,149265,0,0,0,0,0,0,0,0,"f78ca5ea-c94b-49b2-827d-7ca5e322c4b2"
"5a15f153-4133-496c-a495-9db61c406bbc","system","2020-07-16 18:13:53.752","system","2020-07-16 18:13:53.752",10,2017,1334700,133470,0,0,0,0,0,0,0,0,"b4bd475a-5c43-4e6c-90a2-0b8ffb19979c"
"5a62753a-ca6b-4956-a502-f164796ceca8","system","2020-07-16 18:13:53.752","system","2020-07-16 18:13:53.752",10,2018,1365250,136525,0,0,0,0,0,0,0,0,"c307a9a5-fe80-4dac-82f5-10c99eae188c"
"5af88e65-3d9b-408c-b4b9-10399de4a068","system","2020-07-16 18:13:53.752","system","2020-07-16 18:13:53.752",10,2017,1334700,133470,0,0,0,0,0,0,0,0,"c307a9a5-fe80-4dac-82f5-10c99eae188c"
"5b1066c5-ac26-4f40-ac08-f3c207ab9ded","system","2020-10-14 23:38:01.625","system","2020-10-14 23:38:01.625",1,2010,0,2147,0,0,0,0,0,0,0,0,NULL
"5b222c3c-b6a3-4a87-8c88-565aeca44a62","system","2020-07-16 18:13:53.752","system","2020-07-16 18:13:53.752",9,2019,1229520,122952,0,0,0,0,0,0,0,0,"55084321-7867-4d7d-b676-107287c76710"
"5bac9f08-c12d-4ee8-b950-d2f4a75617c6","system","2020-07-16 18:13:53.752","system","2020-07-16 18:13:53.752",5,2018,1265380,126538,0,0,0,0,0,0,0,0,"55084321-7867-4d7d-b676-107287c76710"
"5bec0c49-eb3b-43a7-bd98-423dd9b2effa","system","2020-07-16 18:13:53.752","system","2020-07-16 18:13:53.752",9,2019,1229520,122952,0,0,0,0,0,0,0,0,"c307a9a5-fe80-4dac-82f5-10c99eae188c"
"5c82e5e6-2424-43c5-a6c3-17dbe0fe45da","system","2020-07-16 18:13:53.752","system","2020-07-16 18:13:53.752",5,2019,1306320,130632,0,0,0,0,0,0,0,0,"b4bd475a-5c43-4e6c-90a2-0b8ffb19979c"
"5c83b844-44e2-4f7b-aad6-e7668eb13287","system","2020-07-16 18:13:53.752","system","2020-07-16 18:13:53.752",2,2017,1340740,134074,0,0,0,0,0,0,0,0,"f78ca5ea-c94b-49b2-827d-7ca5e322c4b2"
"5dbdccfd-9084-4a26-8d18-d359762a68af","system","2020-10-14 23:36:21.615","system","2020-10-14 23:36:21.615",5,2020,0,7709,0,0,0,0,0,0,0,0,NULL
"5dc42967-a2b6-43fa-a7ca-0ebb8fdc6d81","system","2020-10-14 23:37:32.837","system","2020-10-14 23:37:32.837",10,2018,0,4024,0,0,0,0,0,0,0,0,NULL
"5deed2f0-e3be-4adf-87f3-bda5e4163cd8","system","2020-07-16 18:13:53.752","system","2020-07-16 18:13:53.752",3,2018,1395480,139548,0,0,0,0,0,0,0,0,"b4bd475a-5c43-4e6c-90a2-0b8ffb19979c"
"5e12cb0f-13a4-4296-a0fe-f4b9d1c92764","system","2020-10-14 23:38:18.129","system","2020-10-14 23:38:18.129",3,2014,0,129,0,0,0,0,0,0,0,0,NULL
"5ef75661-d24a-44d1-bb16-fbd45809d20b","system","2020-07-16 18:13:53.752","system","2020-07-16 18:13:53.752",5,2018,1265380,126538,0,0,0,0,0,0,0,0,"b4bd475a-5c43-4e6c-90a2-0b8ffb19979c"
"5f20cd42-92e6-4cd4-85ef-bb5555fdf9e6","system","2020-10-14 23:36:21.615","system","2020-10-14 23:36:21.615",4,2020,0,5122,0,0,0,0,0,0,0,0,NULL
"5f5539cb-d785-4f18-be74-aa7ad817cd24","system","2020-07-16 18:13:53.752","system","2020-07-16 18:13:53.752",3,2018,1395480,139548,0,0,0,0,0,0,0,0,"f78ca5ea-c94b-49b2-827d-7ca5e322c4b2"
"5f72513d-dfb2-40d0-baf9-d62c9fdc3006","system","2020-07-16 18:13:53.752","system","2020-07-16 18:13:53.752",6,2017,1224200,122420,0,0,0,0,0,0,0,0,"f78ca5ea-c94b-49b2-827d-7ca5e322c4b2"
"618ddfdd-65cc-49d3-94b9-7fc51a1ca34c","system","2020-10-14 23:37:32.837","system","2020-10-14 23:37:32.837",6,2020,0,5028,0,0,0,0,0,0,0,0,NULL
"61a82c57-023d-46c1-a6da-5b79ed69b14c","system","2020-10-14 23:36:21.615","system","2020-10-14 23:36:21.615",6,2020,0,7257,0,0,0,0,0,0,0,0,NULL
"627a0268-b433-49bb-bcfe-5eec2bfe36be","system","2020-07-16 18:13:53.752","system","2020-07-16 18:13:53.752",4,2019,1328960,132896,0,0,0,0,0,0,0,0,"f78ca5ea-c94b-49b2-827d-7ca5e322c4b2"
"6363da0e-0bc1-48fc-8677-24c45cbfc421","system","2020-10-14 23:36:21.615","system","2020-10-14 23:36:21.615",6,2016,0,6260,0,0,0,0,0,0,0,0,NULL
"64a6151b-4105-45fe-8346-de5ac5b57e3f","system","2020-10-14 23:37:32.837","system","2020-10-14 23:37:32.837",8,2019,0,4360,0,0,0,0,0,0,0,0,NULL
"64aa1d24-2762-4d24-8c7c-b183c910095b","system","2020-07-16 18:13:53.752","system","2020-07-16 18:13:53.752",1,2017,1437380,143738,0,0,0,0,0,0,0,0,"c307a9a5-fe80-4dac-82f5-10c99eae188c"
"658a3e10-208b-447c-a16e-9e483e47e64d","system","2020-07-16 18:13:53.752","system","2020-07-16 18:13:53.752",2,2019,1415930,141593,0,0,0,0,0,0,0,0,"41898bb2-578e-4de1-90d2-17d529c09342"
"6666575f-1d1c-45ab-b613-f438120477be","system","2020-10-14 23:37:32.837","system","2020-10-14 23:37:32.837",4,2020,0,5122,0,0,0,0,0,0,0,0,NULL
"676fc5fa-5aa9-4ff2-bfe9-b8d0f5d19d57","system","2020-10-14 23:37:32.837","system","2020-10-14 23:37:32.837",7,2019,0,4061,0,0,0,0,0,0,0,0,NULL
"6788bf97-0c6d-4b3c-a29a-3e7a3be15b87","system","2020-07-16 18:13:53.752","system","2020-07-16 18:13:53.752",2,2018,1332650,133265,0,0,0,0,0,0,0,0,"41898bb2-578e-4de1-90d2-17d529c09342"
"680d04fd-e1b4-41c3-9f4e-a85f0fa5fdfa","system","2020-07-16 18:13:53.752","system","2020-07-16 18:13:53.752",1,2018,1491940,149194,0,0,0,0,0,0,0,0,"f78ca5ea-c94b-49b2-827d-7ca5e322c4b2"
"683507a0-1c15-4981-a2a6-1c44e4b8d3dd","system","2020-07-16 18:13:53.752","system","2020-07-16 18:13:53.752",7,2018,1310710,131071,0,0,0,0,0,0,0,0,"f78ca5ea-c94b-49b2-827d-7ca5e322c4b2"
"6999683b-1042-4587-83f5-6ed373dfbda1","system","2020-07-16 18:13:53.752","system","2020-07-16 18:13:53.752",12,2017,1461830,146183,0,0,0,0,0,0,0,0,"77a974c2-d179-4241-8095-faccf36ae8c2"
"6a64d848-555e-4b64-80eb-71e483ecaee5","system","2020-10-14 23:36:21.615","system","2020-10-14 23:36:21.615",5,2018,0,3416,0,0,0,0,0,0,0,0,NULL
"6b65367a-0542-4e2e-868a-ed67fb3a9b78","system","2020-10-14 23:36:21.615","system","2020-10-14 23:36:21.615",10,2019,0,4463,0,0,0,0,0,0,0,0,NULL
"6bfbde64-0d63-4890-9c1e-7458c9e20f8b","system","2020-07-16 18:13:53.752","system","2020-07-16 18:13:53.752",2,2019,1415930,141593,0,0,0,0,0,0,0,0,"77a974c2-d179-4241-8095-faccf36ae8c2"
"6c3587bd-1428-4e21-8b09-2c004bd0b31e","system","2020-10-14 23:38:01.625","system","2020-10-14 23:38:01.625",2,2014,0,3266,0,0,0,0,0,0,0,0,NULL
"6d64480f-b53f-47b2-a493-3717f2ab912f","system","2020-10-14 23:37:32.837","system","2020-10-14 23:37:32.837",10,2016,0,5108,0,0,0,0,0,0,0,0,NULL
"6e2b1dc5-d445-4dca-93ec-ffcf1735318e","system","2020-07-16 18:13:53.752","system","2020-07-16 18:13:53.752",6,2017,1224200,122420,0,0,0,0,0,0,0,0,"c307a9a5-fe80-4dac-82f5-10c99eae188c"
"6e5fad02-90e8-4bfd-8639-b7a8cc3daa2e","system","2020-07-16 18:13:53.752","system","2020-07-16 18:13:53.752",11,2019,1355140,135514,0,0,0,0,0,0,0,0,"f78ca5ea-c94b-49b2-827d-7ca5e322c4b2"
"6fc2ebe4-a7b9-44ad-9991-88b19a4d212a","system","2020-10-14 23:38:01.625","system","2020-10-14 23:38:01.625",1,2016,0,2845,0,0,0,0,0,0,0,0,NULL
"70959020-9ac3-4436-a803-4d5860de7418","system","2020-10-14 23:36:21.615","system","2020-10-14 23:36:21.615",1,2017,0,4682,0,0,0,0,0,0,0,0,NULL
"70bf44d6-2930-4b9b-8c00-fa22efe0e5c0","system","2020-07-16 18:13:53.752","system","2020-07-16 18:13:53.752",9,2017,1279130,127913,0,0,0,0,0,0,0,0,"55084321-7867-4d7d-b676-107287c76710"
"715a9c62-7342-4e6a-8028-bbc5e5c0ffa2","system","2020-07-16 18:13:53.752","system","2020-07-16 18:13:53.752",6,2017,1224200,122420,0,0,0,0,0,0,0,0,"41898bb2-578e-4de1-90d2-17d529c09342"
"725fb7c7-2d95-4ce8-8950-178b1e4a675b","system","2020-10-14 23:38:01.625","system","2020-10-14 23:38:01.625",2,2010,0,2336,0,0,0,0,0,0,0,0,NULL
"7385bc1b-c0ae-4bdc-910f-113d7141bcfe","system","2020-10-14 23:38:01.625","system","2020-10-14 23:38:01.625",3,2016,0,2985,0,0,0,0,0,0,0,0,NULL
"75badb30-de4b-4684-893a-3f9f750827fe","system","2020-07-16 18:13:53.752","system","2020-07-16 18:13:53.752",10,2018,1365250,136525,0,0,0,0,0,0,0,0,"41898bb2-578e-4de1-90d2-17d529c09342"
"76408f9b-e6ca-4a34-a95c-ac11dfb57f8f","system","2020-07-16 18:13:53.752","system","2020-07-16 18:13:53.752",10,2017,1334700,133470,0,0,0,0,0,0,0,0,"55084321-7867-4d7d-b676-107287c76710"
"76b4b9fe-055d-461f-bf71-f24651c5f5a6","system","2020-07-16 18:13:53.752","system","2020-07-16 18:13:53.752",4,2019,1328960,132896,0,0,0,0,0,0,0,0,"c307a9a5-fe80-4dac-82f5-10c99eae188c"
"76ffd586-ec02-415e-9973-fa22cd1554d5","system","2020-07-16 18:13:53.752","system","2020-07-16 18:13:53.752",1,2019,1492650,149265,0,0,0,0,0,0,0,0,"c307a9a5-fe80-4dac-82f5-10c99eae188c"
"77364831-b497-4ca4-8d63-506db5a7f6c7","system","2020-07-16 18:13:53.752","system","2020-07-16 18:13:53.752",7,2018,1310710,131071,0,0,0,0,0,0,0,0,"41898bb2-578e-4de1-90d2-17d529c09342"
"77d80032-f28e-40df-9d8c-666f5f94f77d","system","2020-10-14 23:36:21.615","system","2020-10-14 23:36:21.615",10,2016,0,5108,0,0,0,0,0,0,0,0,NULL
"782bcf48-6aa0-4375-880b-c55362597d89","system","2020-07-16 18:13:53.752","system","2020-07-16 18:13:53.752",3,2019,1454250,145425,0,0,0,0,0,0,0,0,"b4bd475a-5c43-4e6c-90a2-0b8ffb19979c"
"7857e3aa-7007-48ca-8efb-ba1668f03d16","system","2020-10-14 23:36:21.615","system","2020-10-14 23:36:21.615",7,2019,0,4061,0,0,0,0,0,0,0,0,NULL
"792e3e40-f0f3-4808-b9b3-29a6b45dbdb4","system","2020-10-14 23:38:01.625","system","2020-10-14 23:38:01.625",11,2013,0,1744,0,0,0,0,0,0,0,0,NULL
"7945b19c-e28c-49c2-981a-254eadba425e","system","2020-07-16 18:13:53.752","system","2020-07-16 18:13:53.752",2,2018,1332650,133265,0,0,0,0,0,0,0,0,"55084321-7867-4d7d-b676-107287c76710"
"7982fbb2-cb73-4000-9668-c47b7345157e","system","2020-07-16 18:13:53.752","system","2020-07-16 18:13:53.752",4,2018,1305530,130553,0,0,0,0,0,0,0,0,"55084321-7867-4d7d-b676-107287c76710"
"799f6b4c-1ee2-435e-b98e-b049bf89a8b1","system","2020-07-16 18:13:53.752","system","2020-07-16 18:13:53.752",8,2019,1294850,129485,0,0,0,0,0,0,0,0,"c307a9a5-fe80-4dac-82f5-10c99eae188c"
"79c6383e-9ea8-4863-8eb4-90efde779a93","system","2020-07-16 18:13:53.752","system","2020-07-16 18:13:53.752",11,2017,1414890,141489,0,0,0,0,0,0,0,0,"77a974c2-d179-4241-8095-faccf36ae8c2"
"7a89e1d9-fd83-4d6d-983f-6b25254fce12","system","2020-10-14 23:38:01.625","system","2020-10-14 23:38:01.625",3,2011,0,2976,0,0,0,0,0,0,0,0,NULL
"7ab4071b-6a2f-4aa8-9e48-6ee6e652b70a","system","2020-07-16 18:13:53.752","system","2020-07-16 18:13:53.752",3,2019,1454250,145425,0,0,0,0,0,0,0,0,"f78ca5ea-c94b-49b2-827d-7ca5e322c4b2"
"7b9a4767-0434-4477-b8f5-9c97f288dd66","system","2020-10-14 23:38:01.625","system","2020-10-14 23:38:01.625",9,2010,0,3076,0,0,0,0,0,0,0,0,NULL
"7c6c1fe9-8fa1-474b-9aea-9724961a1991","system","2020-10-14 23:38:01.625","system","2020-10-14 23:38:01.625",0,2012,0,3211,0,0,0,0,0,0,0,0,NULL
"7e1014b3-5e26-44ab-9474-6a6efad2861f","system","2020-10-14 23:36:21.615","system","2020-10-14 23:36:21.615",7,2018,0,3551,0,0,0,0,0,0,0,0,NULL
"7ea231ce-4a30-475a-8342-17ca529b898a","system","2020-07-16 18:13:53.752","system","2020-07-16 18:13:53.752",8,2019,1294850,129485,0,0,0,0,0,0,0,0,"55084321-7867-4d7d-b676-107287c76710"
"7f159e46-bd11-4ca2-a679-91eb19ca73f6","system","2020-07-16 18:13:53.752","system","2020-07-16 18:13:53.752",8,2018,1299230,129923,0,0,0,0,0,0,0,0,"54982639-0e81-4694-a82d-002740f246da"
"7f2757cd-fdf6-4db0-a020-7c1ae55f32c0","system","2020-10-14 23:36:21.615","system","2020-10-14 23:36:21.615",7,2016,0,6346,0,0,0,0,0,0,0,0,NULL
"7f92ce77-8560-4911-8289-82c0fb1c6944","system","2020-10-14 23:36:21.615","system","2020-10-14 23:36:21.615",1,2020,0,4272,0,0,0,0,0,0,0,0,NULL
"7fb60a38-ab43-4ee0-904c-27cadfc6086c","system","2020-07-16 18:13:53.752","system","2020-07-16 18:13:53.752",1,2018,1491940,149194,0,0,0,0,0,0,0,0,"c307a9a5-fe80-4dac-82f5-10c99eae188c"
"804b7872-2cc7-4bbc-b514-f0a50221b430","system","2020-10-14 23:36:21.615","system","2020-10-14 23:36:21.615",1,2018,0,3688,0,0,0,0,0,0,0,0,NULL
"81dc381f-a73a-46b5-b4e4-5c9ef8eda052","system","2020-10-14 23:38:01.625","system","2020-10-14 23:38:01.625",1,2012,0,2767,0,0,0,0,0,0,0,0,NULL
"8226929f-d9c4-43c2-b90c-ec1b47c7e407","system","2020-10-14 23:38:01.625","system","2020-10-14 23:38:01.625",10,2015,0,2978,0,0,0,0,0,0,0,0,NULL
"82fb3136-a861-4418-a3f3-fe7bd820e121","system","2020-07-16 18:13:53.752","system","2020-07-16 18:13:53.752",10,2019,1276230,127623,0,0,0,0,0,0,0,0,"b4bd475a-5c43-4e6c-90a2-0b8ffb19979c"
"8328e79e-2522-4f92-9746-40433d7f18b6","system","2020-07-16 18:13:53.752","system","2020-07-16 18:13:53.752",10,2018,1365250,136525,0,0,0,0,0,0,0,0,"f78ca5ea-c94b-49b2-827d-7ca5e322c4b2"
"839d1867-46fc-4112-8a4d-e4160c139e68","system","2020-10-14 23:37:32.837","system","2020-10-14 23:37:32.837",5,2016,0,402,0,0,0,0,0,0,0,0,NULL
"845d3aa2-ac3e-49ee-918d-c039f0048666","system","2020-07-16 18:13:53.752","system","2020-07-16 18:13:53.752",5,2017,1249380,124938,0,0,0,0,0,0,0,0,"54982639-0e81-4694-a82d-002740f246da"
"84be82b8-028f-487b-a411-7142df4a4fee","system","2020-07-16 18:13:53.752","system","2020-07-16 18:13:53.752",9,2019,1229520,122952,0,0,0,0,0,0,0,0,"f78ca5ea-c94b-49b2-827d-7ca5e322c4b2"
"861f3111-f477-47e7-8e8e-524d69b83753","system","2020-07-16 18:13:53.752","system","2020-07-16 18:13:53.752",6,2019,1281820,128182,0,0,0,0,0,0,0,0,"c307a9a5-fe80-4dac-82f5-10c99eae188c"
"865013f8-114a-46b1-b850-511a86a75c8f","system","2020-07-16 18:13:53.752","system","2020-07-16 18:13:53.752",1,2019,1492650,149265,0,0,0,0,0,0,0,0,"55084321-7867-4d7d-b676-107287c76710"
"86576d4e-b0b0-44f6-9da6-e23db9eb2102","system","2020-07-16 18:13:53.752","system","2020-07-16 18:13:53.752",5,2019,1306320,130632,0,0,0,0,0,0,0,0,"c307a9a5-fe80-4dac-82f5-10c99eae188c"
"877ad119-09f3-4564-a4d4-dc8babc3e0fe","system","2020-07-16 18:13:53.752","system","2020-07-16 18:13:53.752",11,2018,1378240,137824,0,0,0,0,0,0,0,0,"54982639-0e81-4694-a82d-002740f246da"
"889a57a1-098b-4197-a6ba-d5f9ab4585b7","system","2020-07-16 18:13:53.752","system","2020-07-16 18:13:53.752",8,2019,1294850,129485,0,0,0,0,0,0,0,0,"54982639-0e81-4694-a82d-002740f246da"
"89cf63bc-f58e-4ffd-a2a9-db3ed92c5abd","system","2020-10-14 23:38:18.129","system","2020-10-14 23:38:18.129",3,2015,0,129,0,0,0,0,0,0,0,0,NULL
"89d0d074-b8a0-4394-a8ba-0932b1bc0935","system","2020-10-14 23:37:32.837","system","2020-10-14 23:37:32.837",1,2017,0,4682,0,0,0,0,0,0,0,0,NULL
"89eee66c-2e3b-409a-8885-1ca4daf8584b","system","2020-10-14 23:36:21.615","system","2020-10-14 23:36:21.615",3,2018,0,3661,0,0,0,0,0,0,0,0,NULL
"8d0ca81e-ce8d-4037-997c-c344237b9714","system","2020-10-14 23:37:32.837","system","2020-10-14 23:37:32.837",0,2017,0,5562,0,0,0,0,0,0,0,0,NULL
"8d0e7cb0-988d-463b-bc20-19b0ba16144a","system","2020-10-14 23:38:01.625","system","2020-10-14 23:38:01.625",4,2015,0,2961,0,0,0,0,0,0,0,0,NULL
"8d7bb3e3-5a98-4a7b-bad2-51a07c15612e","system","2020-10-14 23:38:01.625","system","2020-10-14 23:38:01.625",6,2015,0,2470,0,0,0,0,0,0,0,0,NULL
"8d853970-733b-44bc-8478-f332bc77ccc9","system","2020-10-14 23:36:21.615","system","2020-10-14 23:36:21.615",2,2017,0,4897,0,0,0,0,0,0,0,0,NULL
"8dd9c74e-cda5-4033-ba6c-6f9264367ebd","system","2020-07-16 18:13:53.752","system","2020-07-16 18:13:53.752",5,2019,1306320,130632,0,0,0,0,0,0,0,0,"55084321-7867-4d7d-b676-107287c76710"
"8ec9ba76-3311-4048-a23f-30a33b8a287d","system","2020-07-16 18:13:53.752","system","2020-07-16 18:13:53.752",6,2017,1224200,122420,0,0,0,0,0,0,0,0,"b4bd475a-5c43-4e6c-90a2-0b8ffb19979c"
"8ecc8d3b-6397-438b-9d5b-ebf1a0cbe2cd","system","2020-10-14 23:38:01.625","system","2020-10-14 23:38:01.625",3,2012,0,2872,0,0,0,0,0,0,0,0,NULL
"8edd044e-9c9d-4890-a418-762005e743b1","system","2020-10-14 23:38:01.625","system","2020-10-14 23:38:01.625",2,2016,0,3052,0,0,0,0,0,0,0,0,NULL
"8ef5adf9-978e-41fc-9bee-159006a2acf8","system","2020-07-16 18:13:53.752","system","2020-07-16 18:13:53.752",7,2018,1310710,131071,0,0,0,0,0,0,0,0,"77a974c2-d179-4241-8095-faccf36ae8c2"
"8f218d19-6c90-4bbb-9ea9-6ec093fffc39","system","2020-07-16 18:13:53.752","system","2020-07-16 18:13:53.752",11,2019,1355140,135514,0,0,0,0,0,0,0,0,"55084321-7867-4d7d-b676-107287c76710"
"8f672b37-137c-453e-9977-b1531029a8f1","system","2020-10-14 23:38:01.625","system","2020-10-14 23:38:01.625",7,2011,0,2196,0,0,0,0,0,0,0,0,NULL
"8f6cf43d-642e-4a95-8fa1-7da5dcb2dd44","system","2020-07-16 18:13:53.752","system","2020-07-16 18:13:53.752",12,2018,1508900,150890,0,0,0,0,0,0,0,0,"55084321-7867-4d7d-b676-107287c76710"
"9049e92d-ad5d-47eb-b609-906e95ed4254","system","2020-10-14 23:38:01.625","system","2020-10-14 23:38:01.625",5,2015,0,2519,0,0,0,0,0,0,0,0,NULL
"907720c8-f357-4bce-b1f4-96040e4213fb","system","2020-10-14 23:37:32.837","system","2020-10-14 23:37:32.837",6,2019,0,3986,0,0,0,0,0,0,0,0,NULL
"9171843d-77b6-4e2b-97eb-74cf9ddf8259","system","2020-07-16 18:13:53.752","system","2020-07-16 18:13:53.752",6,2018,1234950,123495,0,0,0,0,0,0,0,0,"41898bb2-578e-4de1-90d2-17d529c09342"
"924642d8-e435-410f-a8e3-319790e59f0b","system","2020-10-14 23:36:21.615","system","2020-10-14 23:36:21.615",5,2017,0,3680,0,0,0,0,0,0,0,0,NULL
"939084b7-3aa0-40d0-bfee-3696d77b7784","system","2020-10-14 23:36:21.615","system","2020-10-14 23:36:21.615",0,2020,0,4724,0,0,0,0,0,0,0,0,NULL
"94fd3525-8e5e-4f83-b6d6-2315af525b24","system","2020-10-14 23:38:01.625","system","2020-10-14 23:38:01.625",4,2016,0,3012,0,0,0,0,0,0,0,0,NULL
"958cdcb5-33cd-4aa9-906f-0235330a7fde","system","2020-10-14 23:38:18.129","system","2020-10-14 23:38:18.129",0,2015,0,118,0,0,0,0,0,0,0,0,NULL
"95a88b98-9343-43d2-b5b0-30bb8c258580","system","2020-10-14 23:38:18.129","system","2020-10-14 23:38:18.129",10,2014,0,121,0,0,0,0,0,0,0,0,NULL
"95c77694-aa7d-44c0-826a-b0732278981f","system","2020-07-16 18:13:53.752","system","2020-07-16 18:13:53.752",11,2017,1414890,141489,0,0,0,0,0,0,0,0,"c307a9a5-fe80-4dac-82f5-10c99eae188c"
"977af711-4367-4a4d-9f3b-882d23f4fd8d","system","2020-07-16 18:13:53.752","system","2020-07-16 18:13:53.752",1,2018,1491940,149194,0,0,0,0,0,0,0,0,"54982639-0e81-4694-a82d-002740f246da"
"98534924-1e8c-402d-8adc-3415c1b03d15","system","2020-10-14 23:38:18.129","system","2020-10-14 23:38:18.129",6,2014,0,139,0,0,0,0,0,0,0,0,NULL
"9861c235-282b-47d2-a64e-27a6aa1ca477","system","2020-07-16 18:13:53.752","system","2020-07-16 18:13:53.752",9,2018,1238440,123844,0,0,0,0,0,0,0,0,"41898bb2-578e-4de1-90d2-17d529c09342"
"98b94c6c-ed66-427b-9e04-77a6c8f96c23","system","2020-07-16 18:13:53.752","system","2020-07-16 18:13:53.752",6,2018,1234950,123495,0,0,0,0,0,0,0,0,"b4bd475a-5c43-4e6c-90a2-0b8ffb19979c"
"992220cf-563e-4d28-848b-e27aa1bee5c0","system","2020-07-16 18:13:53.752","system","2020-07-16 18:13:53.752",3,2019,1454250,145425,0,0,0,0,0,0,0,0,"55084321-7867-4d7d-b676-107287c76710"
"993c7f0f-3cf7-436d-af63-5ec03143d7c4","system","2020-10-14 23:38:18.129","system","2020-10-14 23:38:18.129",4,2014,0,143,0,0,0,0,0,0,0,0,NULL
"995aa425-f301-41fd-bec1-ae738baf4358","system","2020-07-16 18:13:53.752","system","2020-07-16 18:13:53.752",6,2018,1234950,123495,0,0,0,0,0,0,0,0,"77a974c2-d179-4241-8095-faccf36ae8c2"
"995e8292-70b9-4180-af8c-7e1f08675ca1","system","2020-10-14 23:38:01.625","system","2020-10-14 23:38:01.625",4,2013,0,3158.5,0,0,0,0,0,0,0,0,NULL
"996ca4c6-0f36-42b5-a96e-275862e1d702","system","2020-10-14 23:38:01.625","system","2020-10-14 23:38:01.625",3,2010,0,2290,0,0,0,0,0,0,0,0,NULL
"99981274-3b3e-4e63-a242-8497cac01c21","system","2020-07-16 18:13:53.752","system","2020-07-16 18:13:53.752",2,2019,1415930,141593,0,0,0,0,0,0,0,0,"54982639-0e81-4694-a82d-002740f246da"
"99d06293-ba4e-4e49-b267-1b2de4fb00dc","system","2020-07-16 18:13:53.752","system","2020-07-16 18:13:53.752",10,2018,1365250,136525,0,0,0,0,0,0,0,0,"77a974c2-d179-4241-8095-faccf36ae8c2"
"99ed4a3a-47f5-46de-9404-c0d94fa3c1a3","system","2020-07-16 18:13:53.752","system","2020-07-16 18:13:53.752",4,2017,1261490,126149,0,0,0,0,0,0,0,0,"c307a9a5-fe80-4dac-82f5-10c99eae188c"
"9ad27c9b-7de4-491e-99a0-afc422e69799","system","2020-07-16 18:13:53.752","system","2020-07-16 18:13:53.752",12,2018,1508900,150890,0,0,0,0,0,0,0,0,"77a974c2-d179-4241-8095-faccf36ae8c2"
"9b6b6dd2-4d0e-42a4-959a-d5aa050f1789","system","2020-10-14 23:38:01.625","system","2020-10-14 23:38:01.625",8,2014,0,2946,0,0,0,0,0,0,0,0,NULL
"9c013df6-7add-417a-82e3-35ddc5f6bfe6","system","2020-07-16 18:13:53.752","system","2020-07-16 18:13:53.752",7,2019,1363130,136313,0,0,0,0,0,0,0,0,"c307a9a5-fe80-4dac-82f5-10c99eae188c"
"9cec1b7a-2ba4-441a-a6a8-5390ae192ebd","system","2020-07-16 18:13:53.752","system","2020-07-16 18:13:53.752",5,2018,1265380,126538,0,0,0,0,0,0,0,0,"54982639-0e81-4694-a82d-002740f246da"
"9d77dfac-4a49-4d33-a9b0-f4b80a94ae89","system","2020-07-16 18:13:53.752","system","2020-07-16 18:13:53.752",3,2018,1395480,139548,0,0,0,0,0,0,0,0,"55084321-7867-4d7d-b676-107287c76710"
"9d8da43a-e346-4816-bace-b9e20b9c9821","system","2020-10-14 23:36:21.615","system","2020-10-14 23:36:21.615",10,2018,0,4024,0,0,0,0,0,0,0,0,NULL
"9e13d812-45ed-47c3-9dc8-f7e467777092","system","2020-10-14 23:38:18.129","system","2020-10-14 23:38:18.129",7,2014,0,141,0,0,0,0,0,0,0,0,NULL
"9e6f8b8f-5444-494a-9f2f-a810b4ec70d5","system","2020-07-16 18:13:53.752","system","2020-07-16 18:13:53.752",11,2018,1378240,137824,0,0,0,0,0,0,0,0,"f78ca5ea-c94b-49b2-827d-7ca5e322c4b2"
"9f76874c-8ed4-43f6-9443-d82c093b9b90","system","2020-07-16 18:13:53.752","system","2020-07-16 18:13:53.752",12,2017,1461830,146183,0,0,0,0,0,0,0,0,"54982639-0e81-4694-a82d-002740f246da"
"a08eb31a-e50c-4739-9728-9553f1fd7f67","system","2020-10-14 23:38:01.625","system","2020-10-14 23:38:01.625",1,2013,0,2836,0,0,0,0,0,0,0,0,NULL
"a091ebc4-c188-40e1-bf06-db859e223693","system","2020-10-14 23:37:32.837","system","2020-10-14 23:37:32.837",6,2017,0,3634,0,0,0,0,0,0,0,0,NULL
"a1053a6d-0050-4494-9870-4a9d68bdc234","system","2020-07-16 18:13:53.752","system","2020-07-16 18:13:53.752",7,2017,1294570,129457,0,0,0,0,0,0,0,0,"f78ca5ea-c94b-49b2-827d-7ca5e322c4b2"
"a11c9fa7-5bae-41e3-acf4-b710214fa086","system","2020-07-16 18:13:53.752","system","2020-07-16 18:13:53.752",1,2017,1437380,143738,0,0,0,0,0,0,0,0,"55084321-7867-4d7d-b676-107287c76710"
"a1971a8e-fcd1-452b-a1ab-9be2cce56550","system","2020-07-16 18:13:53.752","system","2020-07-16 18:13:53.752",3,2017,1424330,142433,0,0,0,0,0,0,0,0,"b4bd475a-5c43-4e6c-90a2-0b8ffb19979c"
"a1b73ab1-2165-4b30-ab82-7a2bc3f4fd73","system","2020-10-14 23:36:21.615","system","2020-10-14 23:36:21.615",9,2017,0,4614,0,0,0,0,0,0,0,0,NULL
"a2881efe-a596-4746-a4f1-c58c7d4b7024","system","2020-10-14 23:36:21.615","system","2020-10-14 23:36:21.615",3,2019,0,3719,0,0,0,0,0,0,0,0,NULL
"a3d61913-39ba-4df8-abef-3ed78f6bab87","system","2020-07-16 18:13:53.752","system","2020-07-16 18:13:53.752",4,2017,1261490,126149,0,0,0,0,0,0,0,0,"b4bd475a-5c43-4e6c-90a2-0b8ffb19979c"
"a4150616-b230-47a1-9d8e-f176f9c19fdb","system","2020-07-16 18:13:53.752","system","2020-07-16 18:13:53.752",12,2017,1461830,146183,0,0,0,0,0,0,0,0,"c307a9a5-fe80-4dac-82f5-10c99eae188c"
"a418dfb3-5bcd-4f1c-ab46-155eb7476c19","system","2020-10-14 23:38:01.625","system","2020-10-14 23:38:01.625",0,2011,0,3059,0,0,0,0,0,0,0,0,NULL
"a54922ff-ba9f-4d84-a424-07cddaaf4412","system","2020-07-16 18:13:53.752","system","2020-07-16 18:13:53.752",12,2019,1485370,148537,0,0,0,0,0,0,0,0,"41898bb2-578e-4de1-90d2-17d529c09342"
"a5a73b73-3b6e-4fcd-8431-190bf0210bb1","system","2020-10-14 23:37:32.837","system","2020-10-14 23:37:32.837",11,2017,0,4681,0,0,0,0,0,0,0,0,NULL
"a6c117cb-8daf-455e-978b-905582d5d1df","system","2020-07-16 18:13:53.752","system","2020-07-16 18:13:53.752",4,2019,1328960,132896,0,0,0,0,0,0,0,0,"55084321-7867-4d7d-b676-107287c76710"
"a6e29e54-c3ef-4394-9a8d-68934d433175","system","2020-07-16 18:13:53.752","system","2020-07-16 18:13:53.752",4,2017,1261490,126149,0,0,0,0,0,0,0,0,"f78ca5ea-c94b-49b2-827d-7ca5e322c4b2"
"a72d50bc-c484-4103-8997-1fd3885328da","system","2020-10-14 23:38:18.129","system","2020-10-14 23:38:18.129",8,2014,0,122,0,0,0,0,0,0,0,0,NULL
"a74e7230-8a8b-469f-b2eb-43fb6800d597","system","2020-07-16 18:13:53.752","system","2020-07-16 18:13:53.752",5,2017,1249380,124938,0,0,0,0,0,0,0,0,"77a974c2-d179-4241-8095-faccf36ae8c2"
"a7939271-63bd-4778-85b3-a533fe310214","system","2020-07-16 18:13:53.752","system","2020-07-16 18:13:53.752",6,2019,1281820,128182,0,0,0,0,0,0,0,0,"f78ca5ea-c94b-49b2-827d-7ca5e322c4b2"
"a86c672b-4dcf-49e0-81f4-1cd51750fced","system","2020-07-16 18:13:53.752","system","2020-07-16 18:13:53.752",4,2018,1305530,130553,0,0,0,0,0,0,0,0,"54982639-0e81-4694-a82d-002740f246da"
"a9142757-d181-4ebd-89ae-041144ac1234","system","2020-07-16 18:13:53.752","system","2020-07-16 18:13:53.752",9,2019,1229520,122952,0,0,0,0,0,0,0,0,"54982639-0e81-4694-a82d-002740f246da"
"a96afd76-5040-4746-a742-a33a0340b705","system","2020-07-16 18:13:53.752","system","2020-07-16 18:13:53.752",12,2017,1461830,146183,0,0,0,0,0,0,0,0,"f78ca5ea-c94b-49b2-827d-7ca5e322c4b2"
"a97e0946-93c9-4dbc-b989-df73b14c9b77","system","2020-10-14 23:38:01.625","system","2020-10-14 23:38:01.625",7,2014,0,2332,0,0,0,0,0,0,0,0,NULL
"a9fbb112-b8b8-43da-9851-51066e1850c3","system","2020-07-16 18:13:53.752","system","2020-07-16 18:13:53.752",4,2017,1261490,126149,0,0,0,0,0,0,0,0,"77a974c2-d179-4241-8095-faccf36ae8c2"
"aa31eebd-a0fa-4b21-a529-460420d79529","system","2020-07-16 18:13:53.752","system","2020-07-16 18:13:53.752",7,2019,1363130,136313,0,0,0,0,0,0,0,0,"54982639-0e81-4694-a82d-002740f246da"
"aa5e4fb4-2f16-468c-ab65-5e2b5c4ea2bd","system","2020-07-16 18:13:53.752","system","2020-07-16 18:13:53.752",6,2019,1281820,128182,0,0,0,0,0,0,0,0,"55084321-7867-4d7d-b676-107287c76710"
"ab3fd351-44ab-490c-a245-0933d01c2a89","system","2020-10-14 23:38:01.625","system","2020-10-14 23:38:01.625",0,2010,0,2389,0,0,0,0,0,0,0,0,NULL
"abb8b565-922f-4c18-a283-4c4e6489f3de","system","2020-07-16 18:13:53.752","system","2020-07-16 18:13:53.752",5,2019,1306320,130632,0,0,0,0,0,0,0,0,"77a974c2-d179-4241-8095-faccf36ae8c2"
"adbba07b-0f67-4530-a747-cffecb29c267","system","2020-07-16 18:13:53.752","system","2020-07-16 18:13:53.752",8,2018,1299230,129923,0,0,0,0,0,0,0,0,"77a974c2-d179-4241-8095-faccf36ae8c2"
"adc98a2d-55d8-4da7-b4fb-e740b174bfb6","system","2020-10-14 23:37:32.837","system","2020-10-14 23:37:32.837",5,2019,0,3756,0,0,0,0,0,0,0,0,NULL
"add4a249-302a-460e-b4a6-2a91b30dd713","system","2020-07-16 18:13:53.752","system","2020-07-16 18:13:53.752",3,2018,1395480,139548,0,0,0,0,0,0,0,0,"c307a9a5-fe80-4dac-82f5-10c99eae188c"
"ae24474a-389b-4b35-b829-34ba9c761f86","system","2020-10-14 23:38:01.625","system","2020-10-14 23:38:01.625",11,2016,0,3160,0,0,0,0,0,0,0,0,NULL
"ae52ea1d-70d4-4c3d-9604-108a4c3ac2bb","system","2020-07-16 18:13:53.752","system","2020-07-16 18:13:53.752",2,2018,1332650,133265,0,0,0,0,0,0,0,0,"54982639-0e81-4694-a82d-002740f246da"
"aee7e0f1-0721-403f-9ded-535e661301a4","system","2020-07-16 18:13:53.752","system","2020-07-16 18:13:53.752",6,2018,1234950,123495,0,0,0,0,0,0,0,0,"55084321-7867-4d7d-b676-107287c76710"
"afabd598-322d-41e0-ba7f-dc179325c108","system","2020-10-14 23:36:21.615","system","2020-10-14 23:36:21.615",0,2019,0,4278,0,0,0,0,0,0,0,0,NULL
"b0a5f90b-2026-413a-b9fb-fd26e3d23d56","system","2020-10-14 23:38:01.625","system","2020-10-14 23:38:01.625",5,2014,0,2318,0,0,0,0,0,0,0,0,NULL
"b0fef687-1ea7-41fd-88d6-d9867d2e027a","system","2020-07-16 18:13:53.752","system","2020-07-16 18:13:53.752",3,2017,1424330,142433,0,0,0,0,0,0,0,0,"f78ca5ea-c94b-49b2-827d-7ca5e322c4b2"
"b17ca52b-5997-460a-b142-56ab4deed6c2","system","2020-07-16 18:13:53.752","system","2020-07-16 18:13:53.752",2,2018,1332650,133265,0,0,0,0,0,0,0,0,"b4bd475a-5c43-4e6c-90a2-0b8ffb19979c"
"b18d5449-c5a3-4ae5-b469-c5fbab6b042d","system","2020-07-16 18:13:53.752","system","2020-07-16 18:13:53.752",8,2017,1319920,131992,0,0,0,0,0,0,0,0,"41898bb2-578e-4de1-90d2-17d529c09342"
"b40aa17b-0d8c-4480-8e7d-3865ecc34244","system","2020-10-14 23:38:01.625","system","2020-10-14 23:38:01.625",3,2014,0,3051,0,0,0,0,0,0,0,0,NULL
"b59925d7-4328-4a9e-bd1d-a4fbfad3ba3a","system","2020-07-16 18:13:53.752","system","2020-07-16 18:13:53.752",2,2018,1332650,133265,0,0,0,0,0,0,0,0,"77a974c2-d179-4241-8095-faccf36ae8c2"
"b5f460c4-e011-48a3-b0c6-04295d561f0b","system","2020-10-14 23:38:01.625","system","2020-10-14 23:38:01.625",0,2015,0,3062,0,0,0,0,0,0,0,0,NULL
"b61fb4de-138e-4752-854d-2c608ddd99fd","system","2020-10-14 23:36:21.615","system","2020-10-14 23:36:21.615",10,2017,0,4726,0,0,0,0,0,0,0,0,NULL
"b705548f-cd0e-4827-921d-637a8d963b48","system","2020-07-16 18:13:53.752","system","2020-07-16 18:13:53.752",7,2017,1294570,129457,0,0,0,0,0,0,0,0,"b4bd475a-5c43-4e6c-90a2-0b8ffb19979c"
"b818f304-33df-4ac9-bb68-9c9629506a5b","system","2020-10-14 23:38:01.625","system","2020-10-14 23:38:01.625",1,2015,0,2813,0,0,0,0,0,0,0,0,NULL
"b844a3f1-3647-4cc6-8b36-c11389d6f760","system","2020-07-16 18:13:53.752","system","2020-07-16 18:13:53.752",4,2018,1305530,130553,0,0,0,0,0,0,0,0,"f78ca5ea-c94b-49b2-827d-7ca5e322c4b2"
"b862ebb7-4b5b-42e3-b101-6fa281733c35","system","2020-10-14 23:38:01.625","system","2020-10-14 23:38:01.625",7,2012,0,2332,0,0,0,0,0,0,0,0,NULL
"b8ac9744-d60d-483c-b7d3-0ec16d65140f","system","2020-10-14 23:36:21.615","system","2020-10-14 23:36:21.615",9,2018,0,3856,0,0,0,0,0,0,0,0,NULL
"b93546ae-9a0e-4d18-a9c2-3bef227df518","system","2020-07-16 18:13:53.752","system","2020-07-16 18:13:53.752",12,2018,1508900,150890,0,0,0,0,0,0,0,0,"b4bd475a-5c43-4e6c-90a2-0b8ffb19979c"
"ba41fe0d-fe36-4fd4-9297-d82d3f4046a1","system","2020-07-16 18:13:53.752","system","2020-07-16 18:13:53.752",1,2017,1437380,143738,0,0,0,0,0,0,0,0,"54982639-0e81-4694-a82d-002740f246da"
"bae6355e-56d8-4ebe-99dc-80c7962d4d79","system","2020-10-14 23:36:21.615","system","2020-10-14 23:36:21.615",11,2018,0,4225,0,0,0,0,0,0,0,0,NULL
"bb3bb7c8-c870-4cd3-ab87-8e1b86b746c3","system","2020-10-14 23:38:01.625","system","2020-10-14 23:38:01.625",10,2012,0,1688,0,0,0,0,0,0,0,0,NULL
"bb6e611f-ad6e-46af-94d6-59156c5e0da5","system","2020-10-14 23:38:01.625","system","2020-10-14 23:38:01.625",5,2012,0,2508,0,0,0,0,0,0,0,0,NULL
"bbdbf0fb-e730-4bd5-b583-dbf57056566a","system","2020-07-16 18:13:53.752","system","2020-07-16 18:13:53.752",9,2017,1279130,127913,0,0,0,0,0,0,0,0,"54982639-0e81-4694-a82d-002740f246da"
"bd64c4f1-5194-436c-9872-3d5fc6ce2252","system","2020-10-14 23:36:21.615","system","2020-10-14 23:36:21.615",8,2017,0,3897,0,0,0,0,0,0,0,0,NULL
"bdcf5916-72b5-4f97-bcef-548e09ecf8ff","system","2020-07-16 18:13:53.752","system","2020-07-16 18:13:53.752",6,2018,1234950,123495,0,0,0,0,0,0,0,0,"f78ca5ea-c94b-49b2-827d-7ca5e322c4b2"
"be67724f-e917-445f-a73e-4d40fa749241","system","2020-07-16 18:13:53.752","system","2020-07-16 18:13:53.752",9,2018,1238440,123844,0,0,0,0,0,0,0,0,"f78ca5ea-c94b-49b2-827d-7ca5e322c4b2"
"bfee45dd-e965-4e01-9052-fca63e9ca411","system","2020-07-16 18:13:53.752","system","2020-07-16 18:13:53.752",1,2018,1491940,149194,0,0,0,0,0,0,0,0,"77a974c2-d179-4241-8095-faccf36ae8c2"
"c073a4cb-98ad-4524-b983-e3dd91e99682","system","2020-10-14 23:38:01.625","system","2020-10-14 23:38:01.625",8,2011,0,2536,0,0,0,0,0,0,0,0,NULL
"c15c8eb2-178f-4100-9de7-6086a777ff1c","system","2020-10-14 23:37:32.837","system","2020-10-14 23:37:32.837",4,2017,0,3942,0,0,0,0,0,0,0,0,NULL
"c19113b7-7309-474f-952b-69d49b1ebddb","system","2020-10-14 23:38:01.625","system","2020-10-14 23:38:01.625",8,2015,0,2933,0,0,0,0,0,0,0,0,NULL
"c2486c2d-1df5-4cd7-9ec7-7f228bcd139b","system","2020-10-14 23:38:01.625","system","2020-10-14 23:38:01.625",8,2016,0,2859,0,0,0,0,0,0,0,0,NULL
"c26a6b85-3198-43c2-a42b-684cbdfc0ac6","system","2020-07-16 18:13:53.752","system","2020-07-16 18:13:53.752",3,2017,1424330,142433,0,0,0,0,0,0,0,0,"77a974c2-d179-4241-8095-faccf36ae8c2"
"c31a2ee7-fbf1-4717-8ab9-2620b0d5d965","system","2020-10-14 23:38:01.625","system","2020-10-14 23:38:01.625",0,2016,0,3074,0,0,0,0,0,0,0,0,NULL
"c44cc6db-2f69-40df-84c2-91b929b7f9e9","system","2020-07-16 18:13:53.752","system","2020-07-16 18:13:53.752",12,2019,1485370,148537,0,0,0,0,0,0,0,0,"55084321-7867-4d7d-b676-107287c76710"
"c4ba0b4e-08c0-4a9d-81c2-bbb85c7ea3c8","system","2020-10-14 23:38:01.625","system","2020-10-14 23:38:01.625",11,2014,0,3062,0,0,0,0,0,0,0,0,NULL
"c5d65b72-b1a4-4ff4-bc87-a7b15072ce78","system","2020-10-14 23:38:01.625","system","2020-10-14 23:38:01.625",5,2016,0,2770,0,0,0,0,0,0,0,0,NULL
"c69015d9-81b4-4d8c-9727-0a1920bcb08c","system","2020-07-16 18:13:53.752","system","2020-07-16 18:13:53.752",7,2019,1363130,136313,0,0,0,0,0,0,0,0,"41898bb2-578e-4de1-90d2-17d529c09342"
"c76067ea-8d09-4a6b-a828-4cc8b1a6cff5","system","2020-07-16 18:13:53.752","system","2020-07-16 18:13:53.752",11,2017,1414890,141489,0,0,0,0,0,0,0,0,"54982639-0e81-4694-a82d-002740f246da"
"c7e205a1-96f9-4502-801d-526e3fa352c3","system","2020-07-16 18:13:53.752","system","2020-07-16 18:13:53.752",7,2019,1363130,136313,0,0,0,0,0,0,0,0,"f78ca5ea-c94b-49b2-827d-7ca5e322c4b2"
"c7f7c0cb-40c6-4e2e-aa4d-a119f38cc3c4","system","2020-07-16 18:13:53.752","system","2020-07-16 18:13:53.752",10,2019,1276230,127623,0,0,0,0,0,0,0,0,"41898bb2-578e-4de1-90d2-17d529c09342"
"c7f95e8a-ee65-4056-b832-5ca57591c941","system","2020-07-16 18:13:53.752","system","2020-07-16 18:13:53.752",5,2019,1306320,130632,0,0,0,0,0,0,0,0,"41898bb2-578e-4de1-90d2-17d529c09342"
"c8607a63-eeb7-4b70-ba3b-03750931d8b4","system","2020-10-14 23:38:01.625","system","2020-10-14 23:38:01.625",10,2010,0,2984,0,0,0,0,0,0,0,0,NULL
"c9a39f40-bbdd-4713-a32a-2f4f20df7960","system","2020-07-16 18:13:53.752","system","2020-07-16 18:13:53.752",2,2019,1415930,141593,0,0,0,0,0,0,0,0,"c307a9a5-fe80-4dac-82f5-10c99eae188c"
"ca549590-1016-4316-b9f8-3175c9229929","system","2020-07-16 18:13:53.752","system","2020-07-16 18:13:53.752",5,2017,1249380,124938,0,0,0,0,0,0,0,0,"55084321-7867-4d7d-b676-107287c76710"
"cb82413f-de51-4266-a53f-21f6ecffacf8","system","2020-07-16 18:13:53.752","system","2020-07-16 18:13:53.752",8,2019,1294850,129485,0,0,0,0,0,0,0,0,"f78ca5ea-c94b-49b2-827d-7ca5e322c4b2"
"cb91c701-389b-44ab-b3be-d476a4a5b527","system","2020-07-16 18:13:53.752","system","2020-07-16 18:13:53.752",1,2018,1491940,149194,0,0,0,0,0,0,0,0,"55084321-7867-4d7d-b676-107287c76710"
"cc525dc3-a307-4a05-93d3-449551caef30","system","2020-07-16 18:13:53.752","system","2020-07-16 18:13:53.752",10,2017,1334700,133470,0,0,0,0,0,0,0,0,"f78ca5ea-c94b-49b2-827d-7ca5e322c4b2"
"cd3a6abc-fed0-4f31-aea4-596f6b64895f","system","2020-10-14 23:37:32.837","system","2020-10-14 23:37:32.837",2,2018,0,3860,0,0,0,0,0,0,0,0,NULL
"cd410aca-60cd-45bc-90f2-f707ac2008fc","system","2020-07-16 18:13:53.752","system","2020-07-16 18:13:53.752",11,2018,1378240,137824,0,0,0,0,0,0,0,0,"c307a9a5-fe80-4dac-82f5-10c99eae188c"
"ce539db9-527d-4be1-8e54-7ef2f9792d2d","system","2020-07-16 18:13:53.752","system","2020-07-16 18:13:53.752",9,2017,1279130,127913,0,0,0,0,0,0,0,0,"f78ca5ea-c94b-49b2-827d-7ca5e322c4b2"
"cf084a38-b1fd-4112-92fa-8a10b9c9d5bb","system","2020-10-14 23:37:32.837","system","2020-10-14 23:37:32.837",11,2019,0,4481,0,0,0,0,0,0,0,0,NULL
"cf2ab6c8-19b7-4403-a4a3-a8239c37cf19","system","2020-10-14 23:37:32.837","system","2020-10-14 23:37:32.837",6,2018,0,3715,0,0,0,0,0,0,0,0,NULL
"d116d659-72af-4b01-9ee4-b891de392d78","system","2020-07-16 18:13:53.752","system","2020-07-16 18:13:53.752",6,2017,1224200,122420,0,0,0,0,0,0,0,0,"54982639-0e81-4694-a82d-002740f246da"
"d14f0c79-730f-4e3b-a0ca-e4d05b1e912a","system","2020-07-16 18:13:53.752","system","2020-07-16 18:13:53.752",2,2017,1340740,134074,0,0,0,0,0,0,0,0,"b4bd475a-5c43-4e6c-90a2-0b8ffb19979c"
"d1713c4d-2c14-424c-b973-0af85c9a61da","system","2020-10-14 23:37:32.837","system","2020-10-14 23:37:32.837",9,2016,0,4938,0,0,0,0,0,0,0,0,NULL
"d1fe1545-4176-4312-be9d-b7d44b1b2408","system","2020-07-16 18:13:53.752","system","2020-07-16 18:13:53.752",1,2017,1437380,143738,0,0,0,0,0,0,0,0,"f78ca5ea-c94b-49b2-827d-7ca5e322c4b2"
"d231fc48-f0f6-4c60-884f-9764dbe82b79","system","2020-10-14 23:38:18.129","system","2020-10-14 23:38:18.129",2,2015,0,135,0,0,0,0,0,0,0,0,NULL
"d24934ac-3b5b-4e5e-a7b3-f331f6fc4553","system","2020-10-14 23:37:32.837","system","2020-10-14 23:37:32.837",2,2017,0,4897,0,0,0,0,0,0,0,0,NULL
"d37e6e6d-e6b3-43b7-a7d2-c4ed5ab6627f","system","2020-10-14 23:38:01.625","system","2020-10-14 23:38:01.625",2,2013,0,3266,0,0,0,0,0,0,0,0,NULL
"d4522807-9ba0-4b19-bf30-32c46d9b330c","system","2020-07-16 18:13:53.752","system","2020-07-16 18:13:53.752",11,2018,1378240,137824,0,0,0,0,0,0,0,0,"55084321-7867-4d7d-b676-107287c76710"
"d4eb8830-1946-483b-b8e9-3bb26c60b2a6","system","2020-07-16 18:13:53.752","system","2020-07-16 18:13:53.752",11,2019,1355140,135514,0,0,0,0,0,0,0,0,"c307a9a5-fe80-4dac-82f5-10c99eae188c"
"d60b7461-d918-423f-96cf-9cb96da9e533","system","2020-07-16 18:13:53.752","system","2020-07-16 18:13:53.752",1,2019,1492650,149265,0,0,0,0,0,0,0,0,"54982639-0e81-4694-a82d-002740f246da"
"d79894b7-4983-493c-a6f0-93d88b2f08c2","system","2020-10-14 23:36:21.615","system","2020-10-14 23:36:21.615",6,2018,0,3715,0,0,0,0,0,0,0,0,NULL
"d7eacd2e-a7e6-4df6-bb80-74a468293e0b","system","2020-07-16 18:13:53.752","system","2020-07-16 18:13:53.752",11,2017,1414890,141489,0,0,0,0,0,0,0,0,"55084321-7867-4d7d-b676-107287c76710"
"d9037303-95f0-4cc0-a672-4271798d7e90","system","2020-07-16 18:13:53.752","system","2020-07-16 18:13:53.752",9,2017,1279130,127913,0,0,0,0,0,0,0,0,"77a974c2-d179-4241-8095-faccf36ae8c2"
"d9259fd2-2178-4bc6-952b-00460f823bef","system","2020-07-16 18:13:53.752","system","2020-07-16 18:13:53.752",10,2018,1365250,136525,0,0,0,0,0,0,0,0,"54982639-0e81-4694-a82d-002740f246da"
"da7ef340-7f98-4b46-b88c-6df52472bbc2","system","2020-07-16 18:13:53.752","system","2020-07-16 18:13:53.752",7,2018,1310710,131071,0,0,0,0,0,0,0,0,"b4bd475a-5c43-4e6c-90a2-0b8ffb19979c"
"db887efd-fac1-4f98-b4ca-35b3d5f661af","system","2020-07-16 18:13:53.752","system","2020-07-16 18:13:53.752",6,2019,1281820,128182,0,0,0,0,0,0,0,0,"b4bd475a-5c43-4e6c-90a2-0b8ffb19979c"
"dc3a3c2a-f48f-42da-8b07-92faf4e529d0","system","2020-07-16 18:13:53.752","system","2020-07-16 18:13:53.752",1,2019,1492650,149265,0,0,0,0,0,0,0,0,"b4bd475a-5c43-4e6c-90a2-0b8ffb19979c"
"dd69e0bf-80ba-4bda-b394-2c643e6ab4e5","system","2020-07-16 18:13:53.752","system","2020-07-16 18:13:53.752",11,2018,1378240,137824,0,0,0,0,0,0,0,0,"b4bd475a-5c43-4e6c-90a2-0b8ffb19979c"
"dddfb96c-fff6-4124-b80d-5aed15614719","system","2020-10-14 23:38:01.625","system","2020-10-14 23:38:01.625",5,2010,0,2197,0,0,0,0,0,0,0,0,NULL
"ddfcebc5-df11-449c-8135-fb56c36690d3","system","2020-10-14 23:38:01.625","system","2020-10-14 23:38:01.625",6,2011,0,2208,0,0,0,0,0,0,0,0,NULL
"de5f9502-0b38-4902-b3e3-285c7e55e783","system","2020-07-16 18:13:53.752","system","2020-07-16 18:13:53.752",2,2017,1340740,134074,0,0,0,0,0,0,0,0,"c307a9a5-fe80-4dac-82f5-10c99eae188c"
"dfea81d4-fcfa-4bf6-ab8a-756d41d92bd1","system","2020-07-16 18:13:53.752","system","2020-07-16 18:13:53.752",7,2017,1294570,129457,0,0,0,0,0,0,0,0,"54982639-0e81-4694-a82d-002740f246da"
"e0705b24-2d05-4ea1-8c20-0b75a69c08fd","system","2020-10-14 23:37:32.837","system","2020-10-14 23:37:32.837",10,2019,0,4463,0,0,0,0,0,0,0,0,NULL
"e076488c-038f-4fb5-b243-d9471f6e6e6f","system","2020-10-14 23:38:01.625","system","2020-10-14 23:38:01.625",8,2012,0,2811,0,0,0,0,0,0,0,0,NULL
"e0f24d83-e890-4e30-8a5b-aae1c9e032da","system","2020-07-16 18:13:53.752","system","2020-07-16 18:13:53.752",11,2018,1378240,137824,0,0,0,0,0,0,0,0,"41898bb2-578e-4de1-90d2-17d529c09342"
"e0f31c23-f3c4-49aa-b9c6-484f5a97626c","system","2020-10-14 23:36:21.615","system","2020-10-14 23:36:21.615",8,2018,0,3494,0,0,0,0,0,0,0,0,NULL
"e2108c1e-1527-4635-9c8a-e371703aece3","system","2020-07-16 18:13:53.752","system","2020-07-16 18:13:53.752",7,2019,1363130,136313,0,0,0,0,0,0,0,0,"77a974c2-d179-4241-8095-faccf36ae8c2"
"e2300ce6-8a95-446c-851d-4fb1c293adcb","system","2020-07-16 18:13:53.752","system","2020-07-16 18:13:53.752",7,2017,1294570,129457,0,0,0,0,0,0,0,0,"55084321-7867-4d7d-b676-107287c76710"
"e29017be-f250-44c6-9e71-3c848c77c41d","system","2020-10-14 23:38:18.129","system","2020-10-14 23:38:18.129",5,2015,0,139,0,0,0,0,0,0,0,0,NULL
"e2a48e44-46f8-4572-89bc-d1fbf6483cd2","system","2020-07-16 18:13:53.752","system","2020-07-16 18:13:53.752",10,2019,1276230,127623,0,0,0,0,0,0,0,0,"c307a9a5-fe80-4dac-82f5-10c99eae188c"
"e31f8452-5da3-4ba5-86cf-059e0904269c","system","2020-10-14 23:36:21.615","system","2020-10-14 23:36:21.615",4,2018,0,3495,0,0,0,0,0,0,0,0,NULL
"e33c65b6-3dd5-42d3-b706-f728d12d8b7c","system","2020-10-14 23:37:32.837","system","2020-10-14 23:37:32.837",6,2016,0,6260,0,0,0,0,0,0,0,0,NULL
"e3d2b2a9-bf47-4e57-95ca-969e949ea8eb","system","2020-07-16 18:13:53.752","system","2020-07-16 18:13:53.752",8,2018,1299230,129923,0,0,0,0,0,0,0,0,"b4bd475a-5c43-4e6c-90a2-0b8ffb19979c"
"e627d202-2fbf-419e-bf8d-3a0ff72da0f9","system","2020-10-14 23:37:32.837","system","2020-10-14 23:37:32.837",9,2017,0,4614,0,0,0,0,0,0,0,0,NULL
"e7181534-f299-4399-b717-70aac942b7dc","system","2020-07-16 18:13:53.752","system","2020-07-16 18:13:53.752",8,2019,1294850,129485,0,0,0,0,0,0,0,0,"b4bd475a-5c43-4e6c-90a2-0b8ffb19979c"
"e728db61-eeb2-4d97-b3c4-21fb76fcbe9c","system","2020-10-14 23:36:21.615","system","2020-10-14 23:36:21.615",3,2017,0,4694,0,0,0,0,0,0,0,0,NULL
"e752746e-9c2d-4ec9-b74f-466bf156613e","system","2020-07-16 18:13:53.752","system","2020-07-16 18:13:53.752",11,2017,1414890,141489,0,0,0,0,0,0,0,0,"f78ca5ea-c94b-49b2-827d-7ca5e322c4b2"
"e817c49e-4674-4b69-9a6a-2b5bca5adac7","system","2020-10-14 23:37:32.837","system","2020-10-14 23:37:32.837",3,2020,0,5269,0,0,0,0,0,0,0,0,NULL
"e93284e1-87bc-4b33-ba40-ae106a2bebf0","system","2020-07-16 18:13:53.752","system","2020-07-16 18:13:53.752",9,2017,1279130,127913,0,0,0,0,0,0,0,0,"41898bb2-578e-4de1-90d2-17d529c09342"
"e96596b9-ea5e-4d91-ad23-14e16e6b6b9d","system","2020-07-16 18:13:53.752","system","2020-07-16 18:13:53.752",5,2017,1249380,124938,0,0,0,0,0,0,0,0,"f78ca5ea-c94b-49b2-827d-7ca5e322c4b2"
"e9c76977-80c8-48af-a3f7-3a948294812b","system","2020-10-14 23:36:21.615","system","2020-10-14 23:36:21.615",0,2017,0,5562,0,0,0,0,0,0,0,0,NULL
"eac1a6a9-da27-4b14-a39a-0e38f2af9f2d","system","2020-10-14 23:38:01.625","system","2020-10-14 23:38:01.625",10,2013,0,1688,0,0,0,0,0,0,0,0,NULL
"ec6fcda3-e37e-4f79-9239-a65f1a7cca91","system","2020-07-16 18:13:53.752","system","2020-07-16 18:13:53.752",3,2019,1454250,145425,0,0,0,0,0,0,0,0,"41898bb2-578e-4de1-90d2-17d529c09342"
"ed43c278-2b58-4a53-b22a-64f4b8089301","system","2020-07-16 18:13:53.752","system","2020-07-16 18:13:53.752",8,2018,1299230,129923,0,0,0,0,0,0,0,0,"55084321-7867-4d7d-b676-107287c76710"
"ed7bd325-c2ec-4808-81d2-0c38ab8bfe9d","system","2020-07-16 18:13:53.752","system","2020-07-16 18:13:53.752",12,2019,1485370,148537,0,0,0,0,0,0,0,0,"54982639-0e81-4694-a82d-002740f246da"
"edc07def-1d76-4119-9066-fb8f47c960d2","system","2020-07-16 18:13:53.752","system","2020-07-16 18:13:53.752",5,2017,1249380,124938,0,0,0,0,0,0,0,0,"c307a9a5-fe80-4dac-82f5-10c99eae188c"
"ee4f4d3b-8437-494f-8a64-08f33abd1f43","system","2020-07-16 18:13:53.752","system","2020-07-16 18:13:53.752",2,2019,1415930,141593,0,0,0,0,0,0,0,0,"b4bd475a-5c43-4e6c-90a2-0b8ffb19979c"
"ef357cd3-5bdb-4a3c-b60f-bc0520cf8b28","system","2020-10-14 23:36:21.615","system","2020-10-14 23:36:21.615",4,2017,0,3942,0,0,0,0,0,0,0,0,NULL
"ef3ba9ec-e764-4f42-b69c-bbf8a1f29dff","system","2020-07-16 18:13:53.752","system","2020-07-16 18:13:53.752",4,2019,1328960,132896,0,0,0,0,0,0,0,0,"54982639-0e81-4694-a82d-002740f246da"
"f0e6d7b4-a6e5-486d-91e1-866e2643bed6","system","2020-07-16 18:13:53.752","system","2020-07-16 18:13:53.752",2,2019,1415930,141593,0,0,0,0,0,0,0,0,"55084321-7867-4d7d-b676-107287c76710"
"f1ad241d-c4c6-416d-a06d-80b71f360fd8","system","2020-07-16 18:13:53.752","system","2020-07-16 18:13:53.752",8,2019,1294850,129485,0,0,0,0,0,0,0,0,"77a974c2-d179-4241-8095-faccf36ae8c2"
"f20c600b-f5e9-4078-a686-d7365317a44f","system","2020-10-14 23:37:32.837","system","2020-10-14 23:37:32.837",8,2018,0,3494,0,0,0,0,0,0,0,0,NULL
"f3e2521a-033b-491e-a470-c1dfabd0108a","system","2020-07-16 18:13:53.752","system","2020-07-16 18:13:53.752",1,2017,1437380,143738,0,0,0,0,0,0,0,0,"77a974c2-d179-4241-8095-faccf36ae8c2"
"f4168b31-a543-45e2-85fd-d3b2316c5214","system","2020-10-14 23:36:21.615","system","2020-10-14 23:36:21.615",1,2019,0,4194,0,0,0,0,0,0,0,0,NULL
"f4c937c0-11f2-4f1e-a53f-b871d0d1f9a3","system","2020-07-16 18:13:53.752","system","2020-07-16 18:13:53.752",7,2019,1363130,136313,0,0,0,0,0,0,0,0,"55084321-7867-4d7d-b676-107287c76710"
"f54f63fa-e84f-4170-8aeb-47a9cbdddece","system","2020-07-16 18:13:53.752","system","2020-07-16 18:13:53.752",1,2017,1437380,143738,0,0,0,0,0,0,0,0,"b4bd475a-5c43-4e6c-90a2-0b8ffb19979c"
"f5a82b0f-c9ea-44f9-99cf-ef97509fb153","system","2020-10-14 23:37:32.837","system","2020-10-14 23:37:32.837",0,2018,0,4537,0,0,0,0,0,0,0,0,NULL
"f65ea50a-ab68-4140-a954-a0427f04cb0f","system","2020-10-14 23:37:32.837","system","2020-10-14 23:37:32.837",1,2018,0,3688,0,0,0,0,0,0,0,0,NULL
"f6c538eb-6388-4f32-84ba-3e6d4f3f601d","system","2020-07-16 18:13:53.752","system","2020-07-16 18:13:53.752",6,2017,1224200,122420,0,0,0,0,0,0,0,0,"55084321-7867-4d7d-b676-107287c76710"
"f6f03894-9c38-42a3-9f38-d21ded100dcf","system","2020-10-14 23:37:32.837","system","2020-10-14 23:37:32.837",11,2018,0,4225,0,0,0,0,0,0,0,0,NULL
"f756c431-04e7-4009-a25f-fbb599d9cba4","system","2020-07-16 18:13:53.752","system","2020-07-16 18:13:53.752",1,2018,1491940,149194,0,0,0,0,0,0,0,0,"b4bd475a-5c43-4e6c-90a2-0b8ffb19979c"
"f7d951a3-77bb-4bf6-89cd-5d35aac0f279","system","2020-10-14 23:38:01.625","system","2020-10-14 23:38:01.625",4,2011,0,2797,0,0,0,0,0,0,0,0,NULL
"f825c5e2-867e-483a-afbd-1f680cb9b7ad","system","2020-10-14 23:37:32.837","system","2020-10-14 23:37:32.837",7,2017,0,3829,0,0,0,0,0,0,0,0,NULL
"f86d8ef3-91d5-4ebd-98a5-68f48a468f30","system","2020-10-14 23:38:01.625","system","2020-10-14 23:38:01.625",9,2012,0,3241,0,0,0,0,0,0,0,0,NULL
"f948d440-6f9b-45d1-b2d9-f4104c40acc4","system","2020-10-14 23:36:21.615","system","2020-10-14 23:36:21.615",0,2018,0,4537,0,0,0,0,0,0,0,0,NULL
"f9dd08aa-14cf-4644-8107-b8d4ef6afac9","system","2020-07-16 18:13:53.752","system","2020-07-16 18:13:53.752",8,2017,1319920,131992,0,0,0,0,0,0,0,0,"b4bd475a-5c43-4e6c-90a2-0b8ffb19979c"
"fa35b51c-7f9c-446c-aa01-ff0360aba81c","system","2020-07-16 18:13:53.752","system","2020-07-16 18:13:53.752",6,2018,1234950,123495,0,0,0,0,0,0,0,0,"c307a9a5-fe80-4dac-82f5-10c99eae188c"
"fb7d9e35-2c19-4c43-84c5-6cf2c8c0d6ea","system","2020-10-14 23:37:32.837","system","2020-10-14 23:37:32.837",8,2017,0,3897,0,0,0,0,0,0,0,0,NULL
"fb8de9eb-81dc-4c45-baff-2a8bc74f6f67","system","2020-10-14 23:38:01.625","system","2020-10-14 23:38:01.625",11,2012,0,1744,0,0,0,0,0,0,0,0,NULL
"fbf71fb3-2351-4902-97a4-68de4551e913","system","2020-10-14 23:38:01.625","system","2020-10-14 23:38:01.625",9,2015,0,3100,0,0,0,0,0,0,0,0,NULL
"fbf98336-cdd7-42b7-b616-0b375cd48aca","system","2020-10-14 23:38:01.625","system","2020-10-14 23:38:01.625",5,2011,0,2485,0,0,0,0,0,0,0,0,NULL
"fc01528d-a242-4451-8d19-5f1cab417680","system","2020-07-16 18:13:53.752","system","2020-07-16 18:13:53.752",5,2019,1306320,130632,0,0,0,0,0,0,0,0,"54982639-0e81-4694-a82d-002740f246da"
"fce2d388-5a1f-4535-bb4e-3d099c39179f","system","2020-07-16 18:13:53.752","system","2020-07-16 18:13:53.752",7,2017,1294570,129457,0,0,0,0,0,0,0,0,"41898bb2-578e-4de1-90d2-17d529c09342"
"fd7cb0f7-417f-4e47-be6b-65bedfae3765","system","2020-07-16 18:13:53.752","system","2020-07-16 18:13:53.752",12,2017,1461830,146183,0,0,0,0,0,0,0,0,"55084321-7867-4d7d-b676-107287c76710"
"fda053c7-6457-4960-9ed5-f0dbcfa0d2af","system","2020-10-14 23:38:01.625","system","2020-10-14 23:38:01.625",3,2013,0,3051,0,0,0,0,0,0,0,0,NULL
"fdd20109-abe0-4c21-8f37-d330ab908415","system","2020-07-16 18:13:53.752","system","2020-07-16 18:13:53.752",11,2017,1414890,141489,0,0,0,0,0,0,0,0,"b4bd475a-5c43-4e6c-90a2-0b8ffb19979c"
"fe7a0745-f3ca-4045-9fbc-4af27d3dc00f","system","2020-07-16 18:13:53.752","system","2020-07-16 18:13:53.752",4,2018,1305530,130553,0,0,0,0,0,0,0,0,"77a974c2-d179-4241-8095-faccf36ae8c2"
"ff1cbd6b-2147-4621-bdbb-f42ba3c98dc4","system","2020-07-16 18:13:53.752","system","2020-07-16 18:13:53.752",1,2019,1492650,149265,0,0,0,0,0,0,0,0,"41898bb2-578e-4de1-90d2-17d529c09342"