id,createdBy,createdDate,lastModifiedBy,lastModifiedDate,month,year,total_charge,g_j_consumption,blended_rate,gas_charge,demand_charge,delivery_charge,rate_riders,municipal_franchisee_fee,carbon_tax,admin_fee,building_id
566279de-f215-47a3-b835-030367529b2a,system,38:31.0,system,38:31.0,9,2010,0,141,0,0,0,0,0,0,0,0,NULL
57a89109-ded3-4065-96b2-435cd9f55991,system,38:31.0,system,38:31.0,10,2010,0,228,0,0,0,0,0,0,0,0,NULL
85ee0cca-434b-4d0e-b0d5-d84e0b05fb03,system,38:31.0,system,38:31.0,6,2010,0,42,0,0,0,0,0,0,0,0,NULL
8bb23ff7-93ae-4dc3-b56c-e2590a0ec7ad,system,38:31.0,system,38:31.0,1,2010,0,246,0,0,0,0,0,0,0,0,NULL
995219f0-0253-438e-a69c-cbf20c7b0a87,system,38:31.0,system,38:31.0,3,2010,0,235,0,0,0,0,0,0,0,0,NULL
a44e1bb7-6242-44ef-ae77-517f85fced0e,system,38:31.0,system,38:31.0,2,2010,0,285,0,0,0,0,0,0,0,0,NULL
ac2d76af-321f-4f09-95e0-78990d38357e,system,38:31.0,system,38:31.0,4,2010,0,215,0,0,0,0,0,0,0,0,NULL
c7535210-e8b7-4b05-9359-3de72f6e7681,system,38:31.0,system,38:31.0,5,2010,0,125,0,0,0,0,0,0,0,0,NULL
c840b6a1-85cc-4ff3-b383-d3469e8bfdeb,system,38:31.0,system,38:31.0,11,2010,0,227,0,0,0,0,0,0,0,0,NULL
c86f4c00-4924-4715-8a5c-dea056eef925,system,38:31.0,system,38:31.0,8,2010,0,80,0,0,0,0,0,0,0,0,NULL
d109acf0-7de5-4a14-ba9a-58246885dc4d,system,38:31.0,system,38:31.0,7,2010,0,37,0,0,0,0,0,0,0,0,NULL
f956c072-6974-4c94-9d7a-e04b5f8e1ffc,system,38:31.0,system,38:31.0,0,2010,0,275,0,0,0,0,0,0,0,0,NULL
1368c114-e0c5-44e1-838f-9a80e601995d,system,38:31.0,system,38:31.0,1,2011,0,227,0,0,0,0,0,0,0,0,NULL
16086fe7-c76f-4317-b093-8f0631c398a5,system,38:31.0,system,38:31.0,11,2011,0,247,0,0,0,0,0,0,0,0,NULL
1af2aa22-2289-4331-83b2-a41c5ab76d7a,system,38:31.0,system,38:31.0,6,2011,0,47,0,0,0,0,0,0,0,0,NULL
39ebd3c6-8120-47b5-a85c-7a36f80a2c6f,system,38:31.0,system,38:31.0,4,2011,0,126,0,0,0,0,0,0,0,0,NULL
48167f6a-d9a2-4cfd-8e47-84f22f334c08,system,38:31.0,system,38:31.0,10,2011,0,221,0,0,0,0,0,0,0,0,NULL
4af1749b-6358-418c-9038-58f05214425a,system,38:31.0,system,38:31.0,8,2011,0,72,0,0,0,0,0,0,0,0,NULL
550e83de-d512-4f09-978c-b45f77c4943b,system,38:31.0,system,38:31.0,5,2011,0,75,0,0,0,0,0,0,0,0,NULL
884f9e78-7b6e-4d75-a78e-a74049f1b900,system,38:31.0,system,38:31.0,2,2011,0,208,0,0,0,0,0,0,0,0,NULL
96c18c04-f041-4024-82f9-f62ecce4eb49,system,38:31.0,system,38:31.0,0,2011,0,250,0,0,0,0,0,0,0,0,NULL
d190e4f5-c37e-4a5d-9b3f-93a30f1647f6,system,38:31.0,system,38:31.0,3,2011,0,177,0,0,0,0,0,0,0,0,NULL
eec6f48f-0736-4dd5-be13-8fe366e9577a,system,38:31.0,system,38:31.0,7,2011,0,43,0,0,0,0,0,0,0,0,NULL
f4131237-55ab-4dcf-b566-db15a2d2b269,system,38:31.0,system,38:31.0,9,2011,0,131,0,0,0,0,0,0,0,0,NULL
094efbf6-8f5f-4549-b4c2-1e20c6d7f70b,system,38:31.0,system,38:31.0,8,2012,0,84,0,0,0,0,0,0,0,0,NULL
2599f022-347a-447b-a518-bc0e53d7cb5c,system,38:31.0,system,38:31.0,4,2012,0,138,0,0,0,0,0,0,0,0,NULL
2c88b3d7-49e9-4a02-83c8-a81c9a88c8a4,system,38:31.0,system,38:31.0,6,2012,0,53,0,0,0,0,0,0,0,0,NULL
4f2adbe4-847d-43af-8a88-a3c69fe11478,system,38:31.0,system,38:31.0,2,2012,0,247,0,0,0,0,0,0,0,0,NULL
4f36f72f-52f4-4781-b363-594b03e2b3cb,system,38:31.0,system,38:31.0,11,2012,0,278,0,0,0,0,0,0,0,0,NULL
544f3d66-0550-461a-9324-9829bb369dbb,system,38:31.0,system,38:31.0,7,2012,0,49,0,0,0,0,0,0,0,0,NULL
55265f50-035c-4cbd-b521-195c0057696e,system,38:31.0,system,38:31.0,10,2012,0,218,0,0,0,0,0,0,0,0,NULL
a907b6c9-53d2-485e-891b-c48ab512fe55,system,38:31.0,system,38:31.0,3,2012,0,177,0,0,0,0,0,0,0,0,NULL
b833c7a1-88ef-46c8-b02c-669bef2bc1c9,system,38:31.0,system,38:31.0,9,2012,0,166,0,0,0,0,0,0,0,0,NULL
c2f1a038-8cb8-4271-9da2-a1f864e1342a,system,38:31.0,system,38:31.0,0,2012,0,266,0,0,0,0,0,0,0,0,NULL
ee9721de-d4a4-4981-bcfe-f63f9e5785f3,system,38:31.0,system,38:31.0,5,2012,0,94,0,0,0,0,0,0,0,0,NULL
f95116fd-3053-4f34-a471-6ee90e6ea805,system,38:31.0,system,38:31.0,1,2012,0,234,0,0,0,0,0,0,0,0,NULL
0c2d1d08-4ba3-44c2-87f6-7ed75cd0afac,system,38:31.0,system,38:31.0,2,2013,0,238,0,0,0,0,0,0,0,0,NULL
12368556-8835-4f49-a1f5-e93c0034a0b8,system,38:31.0,system,38:31.0,8,2013,0,91,0,0,0,0,0,0,0,0,NULL
255ea441-6404-43d9-aa1f-a26b0a0b550f,system,38:31.0,system,38:31.0,11,2013,0,270,0,0,0,0,0,0,0,0,NULL
36b84aae-ace6-43b4-9e26-5f5da11ca988,system,38:31.0,system,38:31.0,3,2013,0,193,0,0,0,0,0,0,0,0,NULL
42748834-8010-449a-9d49-648523b2bb45,system,38:31.0,system,38:31.0,4,2013,0,124,0,0,0,0,0,0,0,0,NULL
45262148-bcaf-43e1-bcff-5c25c59179c3,system,38:31.0,system,38:31.0,7,2013,0,47,0,0,0,0,0,0,0,0,NULL
520684c5-2c3d-4953-b8ac-cc084b94ae90,system,38:31.0,system,38:31.0,0,2013,0,295,0,0,0,0,0,0,0,0,NULL
9752755d-870c-4b80-8b5b-577504cdbda6,system,38:31.0,system,38:31.0,1,2013,0,247,0,0,0,0,0,0,0,0,NULL
b412811b-7e37-4eab-99d6-6344397a4ec7,system,38:31.0,system,38:31.0,10,2013,0,247,0,0,0,0,0,0,0,0,NULL
d2eb7cc2-c0d5-4049-8762-f938ce033628,system,38:31.0,system,38:31.0,9,2013,0,213,0,0,0,0,0,0,0,0,NULL
ecd45051-f4a7-4421-a548-ccd3aa4a19e0,system,38:31.0,system,38:31.0,5,2013,0,70,0,0,0,0,0,0,0,0,NULL
f28cf535-11bd-489d-83ed-b8b17f20b03a,system,38:31.0,system,38:31.0,6,2013,0,49,0,0,0,0,0,0,0,0,NULL
09b96bdb-5cce-4510-ab67-fb50ccfab794,system,38:31.0,system,38:31.0,6,2014,0,49,0,0,0,0,0,0,0,0,NULL
23375877-c3a2-4aa1-b843-9f4843d285be,system,38:31.0,system,38:31.0,3,2014,0,193,0,0,0,0,0,0,0,0,NULL
2b198aa3-792c-4dca-85b1-0b6abc027cb6,system,38:31.0,system,38:31.0,8,2014,0,79,0,0,0,0,0,0,0,0,NULL
44c1267a-5708-49fb-905b-55a1642917e3,system,38:31.0,system,38:31.0,10,2014,0,128,0,0,0,0,0,0,0,0,NULL
5cd0a8ae-ea1e-4dd8-9bf7-ade6639ee82b,system,38:31.0,system,38:31.0,11,2014,0,133,0,0,0,0,0,0,0,0,NULL
5f7b23ae-056d-437c-a76b-ef02642f9872,system,38:31.0,system,38:31.0,9,2014,0,133,0,0,0,0,0,0,0,0,NULL
67b2f7f2-07f2-4420-89fa-c1f96f5cc9a7,system,38:31.0,system,38:31.0,4,2014,0,124,0,0,0,0,0,0,0,0,NULL
8a6a053e-6043-4efb-b03a-99aed0ba739c,system,38:31.0,system,38:31.0,1,2014,0,247,0,0,0,0,0,0,0,0,NULL
9c1da5ea-61d6-416e-b22c-7f9e961476ff,system,38:31.0,system,38:31.0,0,2014,0,295,0,0,0,0,0,0,0,0,NULL
a78194e4-8032-418f-b02e-f5b3f8142273,system,38:31.0,system,38:31.0,2,2014,0,238,0,0,0,0,0,0,0,0,NULL
ccebf459-48d1-4e22-99db-23ed6ec9c58e,system,38:31.0,system,38:31.0,5,2014,0,70,0,0,0,0,0,0,0,0,NULL
eb0e53fa-1e19-49c1-809f-603dcc7af11d,system,38:31.0,system,38:31.0,7,2014,0,47,0,0,0,0,0,0,0,0,NULL
26037823-690a-40dd-a2f1-215dd14cfdde,system,38:31.0,system,38:31.0,2,2015,0,189,0,0,0,0,0,0,0,0,NULL
2ad589c3-ca8b-4072-ad82-9a5627090a92,system,38:31.0,system,38:31.0,7,2015,0,38,0,0,0,0,0,0,0,0,NULL
333b7173-9688-4670-8b43-edd3a3298b03,system,38:31.0,system,38:31.0,6,2015,0,38,0,0,0,0,0,0,0,0,NULL
4a7c2d1d-c55c-46ed-a875-5beb31640105,system,38:31.0,system,38:31.0,11,2015,0,237,0,0,0,0,0,0,0,0,NULL
52f17e4e-5e6b-44c1-ad9e-2c4d7ca9fb60,system,38:31.0,system,38:31.0,8,2015,0,99,0,0,0,0,0,0,0,0,NULL
6e068fc7-4852-4ef8-9f2b-1bc6651940e9,system,38:31.0,system,38:31.0,4,2015,0,94,0,0,0,0,0,0,0,0,NULL
710fb76e-a94e-4bb1-aafd-15298cf009e9,system,38:31.0,system,38:31.0,3,2015,0,163,0,0,0,0,0,0,0,0,NULL
88582f27-0936-4d0b-9fa8-c14ed14132a2,system,38:31.0,system,38:31.0,1,2015,0,193,0,0,0,0,0,0,0,0,NULL
889f9b8f-4a36-4dd6-ae9c-0650aa03dc34,system,38:31.0,system,38:31.0,10,2015,0,237,0,0,0,0,0,0,0,0,NULL
c68166ad-be7b-49ff-9895-36d8327dfd2e,system,38:31.0,system,38:31.0,0,2015,0,248,0,0,0,0,0,0,0,0,NULL
c9be1197-4f26-4215-a699-178e1ef70144,system,38:31.0,system,38:31.0,5,2015,0,49,0,0,0,0,0,0,0,0,NULL
f90ee428-1d1e-4e7e-883b-8e1a7d24a7aa,system,38:31.0,system,38:31.0,9,2015,0,131,0,0,0,0,0,0,0,0,NULL
16edbd8d-4002-4400-946f-6b67e1269e52,system,38:31.0,system,38:31.0,8,2016,0,81,0,0,0,0,0,0,0,0,NULL
25cf7778-95db-42da-9ecc-23e91b8bf8e4,system,38:31.0,system,38:31.0,3,2016,0,122,0,0,0,0,0,0,0,0,NULL
39979ac5-2046-4ede-b15e-c61a709ed9bc,system,38:31.0,system,38:31.0,0,2016,0,233,0,0,0,0,0,0,0,0,NULL
51293378-5459-42ae-884b-a7bae9ee080a,system,38:31.0,system,38:31.0,6,2016,0,37.6,0,0,0,0,0,0,0,0,NULL
691f3694-d3ee-4734-bba8-1cc76bcdd762,system,38:31.0,system,38:31.0,5,2016,0,70.5,0,0,0,0,0,0,0,0,NULL
8239b738-0185-479d-9a37-e392463d531c,system,38:31.0,system,38:31.0,4,2016,0,90.6,0,0,0,0,0,0,0,0,NULL
984ab0cb-5f75-4cf8-aa59-e914c39848e8,system,38:31.0,system,38:31.0,10,2016,0,183.8,0,0,0,0,0,0,0,0,NULL
b175c542-b3d6-4f94-80da-3aad275e7528,system,38:31.0,system,38:31.0,2,2016,0,196,0,0,0,0,0,0,0,0,NULL
b5422c55-a12d-4103-adaa-dcd598a12c08,system,38:31.0,system,38:31.0,1,2016,0,200,0,0,0,0,0,0,0,0,NULL
d7323498-470d-4c17-8564-37df55c5ea2a,system,38:31.0,system,38:31.0,11,2016,0,281.5,0,0,0,0,0,0,0,0,NULL
e0d7e255-1691-4bab-987c-954213fc0891,system,38:31.0,system,38:31.0,9,2016,0,155.1,0,0,0,0,0,0,0,0,NULL
f6114183-5a74-4406-a3eb-fc7711b230d6,system,38:31.0,system,38:31.0,7,2016,0,37.6,0,0,0,0,0,0,0,0,NULL
010b863b-bf49-4927-8211-293f06b057ac,system,13:53.8,system,13:53.8,10,2017,11930,1193,0,0,0,0,0,0,0,0,c307a9a5-fe80-4dac-82f5-10c99eae188c
08a66d4c-1bf5-4494-bcc2-d4ee1f8d6547,system,38:31.0,system,38:31.0,0,2017,0,269.4,0,0,0,0,0,0,0,0,NULL
09f91c03-845a-428b-ab58-1688c4aebbfe,system,13:53.8,system,13:53.8,8,2017,4680,468,0,0,0,0,0,0,0,0,f78ca5ea-c94b-49b2-827d-7ca5e322c4b2
0b511c5a-0022-4281-850c-77ddb5d1ad64,system,13:53.8,system,13:53.8,7,2017,4670,467,0,0,0,0,0,0,0,0,f78ca5ea-c94b-49b2-827d-7ca5e322c4b2
0cb04fc6-216a-45cf-831d-8c9e0fadfdf6,system,13:53.8,system,13:53.8,11,2017,17840,1784,0,0,0,0,0,0,0,0,54982639-0e81-4694-a82d-002740f246da
169667ea-8c33-4ab7-a381-7638ebfd932e,system,13:53.8,system,13:53.8,10,2017,11930,1193,0,0,0,0,0,0,0,0,55084321-7867-4d7d-b676-107287c76710
1a608671-a05d-4b48-a320-b913646bf309,system,13:53.8,system,13:53.8,3,2017,20500,2050,0,0,0,0,0,0,0,0,b4bd475a-5c43-4e6c-90a2-0b8ffb19979c
1c2dffef-ceac-4681-92ee-e9503ae8bfd2,system,13:53.8,system,13:53.8,4,2017,15090,1509,0,0,0,0,0,0,0,0,77a974c2-d179-4241-8095-faccf36ae8c2
1c7a0991-f11a-4119-99f3-a2271e6b459b,system,13:53.8,system,13:53.8,11,2017,17840,1784,0,0,0,0,0,0,0,0,55084321-7867-4d7d-b676-107287c76710
1f992db2-8896-4717-90b6-492064535835,system,13:53.8,system,13:53.8,3,2017,20500,2050,0,0,0,0,0,0,0,0,c307a9a5-fe80-4dac-82f5-10c99eae188c
253d67bb-fadb-4b52-9eff-207c436f1d9a,system,13:53.8,system,13:53.8,10,2017,11930,1193,0,0,0,0,0,0,0,0,54982639-0e81-4694-a82d-002740f246da
2ac9b44f-2f54-40db-b3d7-a0b7947fbd7f,system,13:53.8,system,13:53.8,3,2017,20500,2050,0,0,0,0,0,0,0,0,f78ca5ea-c94b-49b2-827d-7ca5e322c4b2
2e1e4b7e-0c06-461d-ac10-310cc720093b,system,13:53.8,system,13:53.8,5,2017,10650,1065,0,0,0,0,0,0,0,0,41898bb2-578e-4de1-90d2-17d529c09342
2e3a0e43-afdf-403c-bc25-4188c4835dc4,system,13:53.8,system,13:53.8,8,2017,4680,468,0,0,0,0,0,0,0,0,41898bb2-578e-4de1-90d2-17d529c09342
2f601e64-2ab9-404b-88bb-65999eac124f,system,38:31.0,system,38:31.0,9,2017,0,163.8,0,0,0,0,0,0,0,0,NULL
385de786-7e97-4e50-adbc-6fdfa7533ad2,system,38:31.0,system,38:31.0,5,2017,0,69.8,0,0,0,0,0,0,0,0,NULL
41d5de1d-5c76-4ff2-b326-611a6d34fa8c,system,38:31.0,system,38:31.0,3,2017,0,176.1,0,0,0,0,0,0,0,0,NULL
42262b0d-d375-42b6-8968-a207f0ba1e1b,system,13:53.8,system,13:53.8,10,2017,11930,1193,0,0,0,0,0,0,0,0,41898bb2-578e-4de1-90d2-17d529c09342
4230c49a-55d7-4025-8b2b-87d6424ca2a4,system,13:53.8,system,13:53.8,12,2017,26590,2659,0,0,0,0,0,0,0,0,77a974c2-d179-4241-8095-faccf36ae8c2
44fdbee5-deaf-4312-bb64-cd513abd0d73,system,13:53.8,system,13:53.8,6,2017,6090,609,0,0,0,0,0,0,0,0,54982639-0e81-4694-a82d-002740f246da
45a66b73-054d-4d2e-9d27-5bbcd669d3f6,system,13:53.8,system,13:53.8,12,2017,26590,2659,0,0,0,0,0,0,0,0,b4bd475a-5c43-4e6c-90a2-0b8ffb19979c
47030bff-0c3a-44e3-9367-a9d273c63586,system,13:53.8,system,13:53.8,2,2017,22910,2291,0,0,0,0,0,0,0,0,77a974c2-d179-4241-8095-faccf36ae8c2
4921a855-2b09-447f-b8a5-50767642b0d4,system,13:53.8,system,13:53.8,1,2017,24930,2493,0,0,0,0,0,0,0,0,54982639-0e81-4694-a82d-002740f246da
49ef4bce-3822-4bbb-b499-58d8b8ba6652,system,13:53.8,system,13:53.8,12,2017,26590,2659,0,0,0,0,0,0,0,0,41898bb2-578e-4de1-90d2-17d529c09342
49f286db-f8b5-4a36-8464-ef048aaf993a,system,13:53.8,system,13:53.8,4,2017,15090,1509,0,0,0,0,0,0,0,0,41898bb2-578e-4de1-90d2-17d529c09342
4aea0583-88e8-4673-9cbb-95b12e660cf2,system,38:31.0,system,38:31.0,8,2017,0,73.9,0,0,0,0,0,0,0,0,NULL
4cd24947-ba5b-4919-8f3d-4410a20b5009,system,13:53.8,system,13:53.8,11,2017,17840,1784,0,0,0,0,0,0,0,0,b4bd475a-5c43-4e6c-90a2-0b8ffb19979c
50638780-9894-4819-bb51-695a40bf0387,system,13:53.8,system,13:53.8,4,2017,15090,1509,0,0,0,0,0,0,0,0,55084321-7867-4d7d-b676-107287c76710
51094063-7d78-4438-b94d-88094781a0b6,system,38:31.0,system,38:31.0,7,2017,0,38,0,0,0,0,0,0,0,0,NULL
532b22b9-5e6c-4a0d-9cc6-2ab4e2e6b575,system,13:53.8,system,13:53.8,2,2017,22910,2291,0,0,0,0,0,0,0,0,f78ca5ea-c94b-49b2-827d-7ca5e322c4b2
54107255-0131-497e-b01d-9b232d2d3fd9,system,38:31.0,system,38:31.0,11,2017,0,262.4,0,0,0,0,0,0,0,0,NULL
5e5081c7-1582-47c9-ba9d-d8dcfaf347aa,system,13:53.8,system,13:53.8,9,2017,8360,836,0,0,0,0,0,0,0,0,41898bb2-578e-4de1-90d2-17d529c09342
5eea4d49-ecb4-4c64-9969-aeadcb453cdb,system,13:53.8,system,13:53.8,1,2017,24930,2493,0,0,0,0,0,0,0,0,f78ca5ea-c94b-49b2-827d-7ca5e322c4b2
60348995-2d40-43cc-a2a1-e16c60353089,system,13:53.8,system,13:53.8,12,2017,26590,2659,0,0,0,0,0,0,0,0,f78ca5ea-c94b-49b2-827d-7ca5e322c4b2
637ed4ae-0df3-4e8c-8d7f-30f0e87ccd99,system,13:53.8,system,13:53.8,7,2017,4670,467,0,0,0,0,0,0,0,0,55084321-7867-4d7d-b676-107287c76710
66f6c180-18cc-4d3f-aa60-b280f57a33b7,system,38:31.0,system,38:31.0,4,2017,0,116,0,0,0,0,0,0,0,0,NULL
6b8613f3-91d4-401e-a479-bcc351e9cba4,system,13:53.8,system,13:53.8,12,2017,26590,2659,0,0,0,0,0,0,0,0,55084321-7867-4d7d-b676-107287c76710
6c55f7c1-9a14-417d-8a01-dff752372c18,system,13:53.8,system,13:53.8,12,2017,26590,2659,0,0,0,0,0,0,0,0,c307a9a5-fe80-4dac-82f5-10c99eae188c
6f150170-ae41-4bac-a4cc-0ede9abdfb6e,system,13:53.8,system,13:53.8,3,2017,20500,2050,0,0,0,0,0,0,0,0,55084321-7867-4d7d-b676-107287c76710
6f959059-2ed9-45d9-b45c-8e4debc78dd6,system,13:53.8,system,13:53.8,7,2017,4670,467,0,0,0,0,0,0,0,0,77a974c2-d179-4241-8095-faccf36ae8c2
739026f3-79ea-4a0f-a466-e41d18589334,system,13:53.8,system,13:53.8,7,2017,4670,467,0,0,0,0,0,0,0,0,54982639-0e81-4694-a82d-002740f246da
78d295d2-8983-4137-a6bf-0128ca48b848,system,13:53.8,system,13:53.8,4,2017,15090,1509,0,0,0,0,0,0,0,0,f78ca5ea-c94b-49b2-827d-7ca5e322c4b2
7fd46b33-0848-422b-8224-e99523fa83d4,system,13:53.8,system,13:53.8,1,2017,24930,2493,0,0,0,0,0,0,0,0,c307a9a5-fe80-4dac-82f5-10c99eae188c
81666145-78fc-406f-a6e5-4caa4f38e5fc,system,13:53.8,system,13:53.8,1,2017,24930,2493,0,0,0,0,0,0,0,0,41898bb2-578e-4de1-90d2-17d529c09342
8240f726-3c6a-4157-9d78-bed3c21e48a5,system,13:53.8,system,13:53.8,2,2017,22910,2291,0,0,0,0,0,0,0,0,c307a9a5-fe80-4dac-82f5-10c99eae188c
8451df3a-fb56-4a23-a267-acbe2c4571f0,system,13:53.8,system,13:53.8,7,2017,4670,467,0,0,0,0,0,0,0,0,41898bb2-578e-4de1-90d2-17d529c09342
851ae5ce-d66c-4943-999e-88f8af69cc21,system,13:53.8,system,13:53.8,5,2017,10650,1065,0,0,0,0,0,0,0,0,77a974c2-d179-4241-8095-faccf36ae8c2
8637b512-9d52-4f28-9e7a-280a95b1bde6,system,13:53.8,system,13:53.8,6,2017,6090,609,0,0,0,0,0,0,0,0,c307a9a5-fe80-4dac-82f5-10c99eae188c
864d896e-e809-424e-be25-cac2ec383a67,system,13:53.8,system,13:53.8,6,2017,6090,609,0,0,0,0,0,0,0,0,77a974c2-d179-4241-8095-faccf36ae8c2
870fa970-eb2b-477a-a32c-38b817c072f9,system,13:53.8,system,13:53.8,9,2017,8360,836,0,0,0,0,0,0,0,0,54982639-0e81-4694-a82d-002740f246da
8a5b6a40-b70f-4d1f-bca6-fcc2617d93e9,system,13:53.8,system,13:53.8,8,2017,4680,468,0,0,0,0,0,0,0,0,b4bd475a-5c43-4e6c-90a2-0b8ffb19979c
8aac1760-fe83-43be-9fa3-4a86ceba1f7a,system,13:53.8,system,13:53.8,4,2017,15090,1509,0,0,0,0,0,0,0,0,c307a9a5-fe80-4dac-82f5-10c99eae188c
8b23dcd1-332a-49bc-8905-532925a331ee,system,13:53.8,system,13:53.8,8,2017,4680,468,0,0,0,0,0,0,0,0,55084321-7867-4d7d-b676-107287c76710
8dc24ebc-63d2-4da2-ae4a-6f158bd3e67f,system,13:53.8,system,13:53.8,9,2017,8360,836,0,0,0,0,0,0,0,0,77a974c2-d179-4241-8095-faccf36ae8c2
8fa93b81-6e90-426e-84fe-ab462127238f,system,13:53.8,system,13:53.8,5,2017,10650,1065,0,0,0,0,0,0,0,0,f78ca5ea-c94b-49b2-827d-7ca5e322c4b2
98399bad-d61e-482e-bbb2-772f1fa05457,system,13:53.8,system,13:53.8,5,2017,10650,1065,0,0,0,0,0,0,0,0,c307a9a5-fe80-4dac-82f5-10c99eae188c
9a7d5eee-37c4-435a-bede-2546625bc455,system,13:53.8,system,13:53.8,4,2017,15090,1509,0,0,0,0,0,0,0,0,54982639-0e81-4694-a82d-002740f246da
9e073d3d-ac73-4690-9934-776d91fa468a,system,13:53.8,system,13:53.8,3,2017,20500,2050,0,0,0,0,0,0,0,0,41898bb2-578e-4de1-90d2-17d529c09342
9f9af84c-bef7-43b9-a54d-1d2797556e33,system,13:53.8,system,13:53.8,2,2017,22910,2291,0,0,0,0,0,0,0,0,55084321-7867-4d7d-b676-107287c76710
a0e0cb16-9481-4604-9893-3f851eeb1f1c,system,13:53.8,system,13:53.8,8,2017,4680,468,0,0,0,0,0,0,0,0,77a974c2-d179-4241-8095-faccf36ae8c2
a2c9cc83-18a2-4f18-aed8-97a53ecc9747,system,13:53.8,system,13:53.8,4,2017,15090,1509,0,0,0,0,0,0,0,0,b4bd475a-5c43-4e6c-90a2-0b8ffb19979c
a3b7610c-16cd-4d49-988e-81220bf49f24,system,13:53.8,system,13:53.8,1,2017,24930,2493,0,0,0,0,0,0,0,0,77a974c2-d179-4241-8095-faccf36ae8c2
a923b5c9-ab9a-403f-82dc-34800ec33070,system,38:31.0,system,38:31.0,6,2017,0,38.8,0,0,0,0,0,0,0,0,NULL
a96336fc-056b-4322-9695-396fad7eeb82,system,38:31.0,system,38:31.0,1,2017,0,242.7,0,0,0,0,0,0,0,0,NULL
ae4a1b74-8300-4d4c-b930-949df8a2bb03,system,13:53.8,system,13:53.8,5,2017,10650,1065,0,0,0,0,0,0,0,0,55084321-7867-4d7d-b676-107287c76710
af4371df-c4e5-4477-b53b-f4c9a729265a,system,13:53.8,system,13:53.8,6,2017,6090,609,0,0,0,0,0,0,0,0,f78ca5ea-c94b-49b2-827d-7ca5e322c4b2
b0ff24ea-a2e7-4577-913d-92d0e4a2a7ab,system,13:53.8,system,13:53.8,3,2017,20500,2050,0,0,0,0,0,0,0,0,54982639-0e81-4694-a82d-002740f246da
b1329403-1061-40d6-8403-57f8947d6d59,system,13:53.8,system,13:53.8,6,2017,6090,609,0,0,0,0,0,0,0,0,55084321-7867-4d7d-b676-107287c76710
b3bf4ba6-3179-49d7-8b9b-31206b473c86,system,13:53.8,system,13:53.8,9,2017,8360,836,0,0,0,0,0,0,0,0,f78ca5ea-c94b-49b2-827d-7ca5e322c4b2
bb5df288-91fb-409d-b540-398377830cd0,system,13:53.8,system,13:53.8,10,2017,11930,1193,0,0,0,0,0,0,0,0,b4bd475a-5c43-4e6c-90a2-0b8ffb19979c
c2a127d6-c37a-4970-812a-744e9e26aedd,system,13:53.8,system,13:53.8,5,2017,10650,1065,0,0,0,0,0,0,0,0,54982639-0e81-4694-a82d-002740f246da
c3ed1259-4b32-4227-96d8-70f97fbe3645,system,13:53.8,system,13:53.8,10,2017,11930,1193,0,0,0,0,0,0,0,0,f78ca5ea-c94b-49b2-827d-7ca5e322c4b2
c9aa9774-98be-4133-b1ea-296f38f1cdd7,system,13:53.8,system,13:53.8,3,2017,20500,2050,0,0,0,0,0,0,0,0,77a974c2-d179-4241-8095-faccf36ae8c2
caa24342-58ed-4b32-ba5e-bf37b489dea5,system,13:53.8,system,13:53.8,11,2017,17840,1784,0,0,0,0,0,0,0,0,f78ca5ea-c94b-49b2-827d-7ca5e322c4b2
cb7da82f-81f1-42cb-8c86-2fc53b7acd34,system,13:53.8,system,13:53.8,1,2017,24930,2493,0,0,0,0,0,0,0,0,55084321-7867-4d7d-b676-107287c76710
cf0a684f-d1ad-4dc4-bf5b-7e1c44fa422b,system,13:53.8,system,13:53.8,11,2017,17840,1784,0,0,0,0,0,0,0,0,77a974c2-d179-4241-8095-faccf36ae8c2
d1d53866-2372-460b-9aa8-c610a9d90039,system,13:53.8,system,13:53.8,11,2017,17840,1784,0,0,0,0,0,0,0,0,41898bb2-578e-4de1-90d2-17d529c09342
d1fac2e1-a25e-4318-99a8-18ea7f863f84,system,13:53.8,system,13:53.8,8,2017,4680,468,0,0,0,0,0,0,0,0,54982639-0e81-4694-a82d-002740f246da
d2db069e-82fd-4659-b752-9f8b347e797a,system,38:31.0,system,38:31.0,2,2017,0,239.5,0,0,0,0,0,0,0,0,NULL
d90cbfe0-267b-48fe-9672-409b0e29736f,system,13:53.8,system,13:53.8,6,2017,6090,609,0,0,0,0,0,0,0,0,b4bd475a-5c43-4e6c-90a2-0b8ffb19979c
da3483c0-7608-4306-985a-6f97c013fc43,system,13:53.8,system,13:53.8,9,2017,8360,836,0,0,0,0,0,0,0,0,b4bd475a-5c43-4e6c-90a2-0b8ffb19979c
da99674a-5a89-4e88-867d-290749d293d9,system,13:53.8,system,13:53.8,1,2017,24930,2493,0,0,0,0,0,0,0,0,b4bd475a-5c43-4e6c-90a2-0b8ffb19979c
dc04498d-6fae-4343-8ec7-dfa7b478dfab,system,13:53.8,system,13:53.8,6,2017,6090,609,0,0,0,0,0,0,0,0,41898bb2-578e-4de1-90d2-17d529c09342
dc7588f2-5887-4ed3-bbb1-3be7f7300c98,system,13:53.8,system,13:53.8,9,2017,8360,836,0,0,0,0,0,0,0,0,55084321-7867-4d7d-b676-107287c76710
dcb7b011-b56a-4b6d-b32d-cc4dda77800c,system,13:53.8,system,13:53.8,2,2017,22910,2291,0,0,0,0,0,0,0,0,54982639-0e81-4694-a82d-002740f246da
de354133-56e3-4521-a424-c17159839a44,system,13:53.8,system,13:53.8,10,2017,11930,1193,0,0,0,0,0,0,0,0,77a974c2-d179-4241-8095-faccf36ae8c2
e27b3901-88ac-4183-9af6-632279c4a13c,system,13:53.8,system,13:53.8,8,2017,4680,468,0,0,0,0,0,0,0,0,c307a9a5-fe80-4dac-82f5-10c99eae188c
e3c5d749-b613-476b-8e36-43425d961b73,system,13:53.8,system,13:53.8,7,2017,4670,467,0,0,0,0,0,0,0,0,c307a9a5-fe80-4dac-82f5-10c99eae188c
e50e883a-0f65-4126-8bee-19e2d7a04964,system,38:31.0,system,38:31.0,10,2017,0,226.9,0,0,0,0,0,0,0,0,NULL
e95f3aa4-ab6d-4b08-9820-2a373bd7fe13,system,13:53.8,system,13:53.8,2,2017,22910,2291,0,0,0,0,0,0,0,0,b4bd475a-5c43-4e6c-90a2-0b8ffb19979c
ef6f7a7f-7161-4206-b80f-53a52d1a5a6a,system,13:53.8,system,13:53.8,11,2017,17840,1784,0,0,0,0,0,0,0,0,c307a9a5-fe80-4dac-82f5-10c99eae188c
f10c57d2-82ba-49b5-904b-f849ef3403d4,system,13:53.8,system,13:53.8,7,2017,4670,467,0,0,0,0,0,0,0,0,b4bd475a-5c43-4e6c-90a2-0b8ffb19979c
f40196fc-b284-4d80-ad55-36792cc8b257,system,13:53.8,system,13:53.8,12,2017,26590,2659,0,0,0,0,0,0,0,0,54982639-0e81-4694-a82d-002740f246da
f78e65dc-f19d-4274-ba9b-c48a700086df,system,13:53.8,system,13:53.8,9,2017,8360,836,0,0,0,0,0,0,0,0,c307a9a5-fe80-4dac-82f5-10c99eae188c
fa9e75f0-29e4-4bcc-868e-75e5e4c5df45,system,13:53.8,system,13:53.8,2,2017,22910,2291,0,0,0,0,0,0,0,0,41898bb2-578e-4de1-90d2-17d529c09342
fb1952a1-f3b5-4fe2-bb53-b5f10089ddf9,system,13:53.8,system,13:53.8,5,2017,10650,1065,0,0,0,0,0,0,0,0,b4bd475a-5c43-4e6c-90a2-0b8ffb19979c
00f70fb9-3a24-4506-aac1-4120d2e6c118,system,13:53.8,system,13:53.8,9,2018,10500,1050,0,0,0,0,0,0,0,0,77a974c2-d179-4241-8095-faccf36ae8c2
04aafbe2-c48a-46bd-973f-c617e1ac4254,system,13:53.8,system,13:53.8,4,2018,14500,1450,0,0,0,0,0,0,0,0,c307a9a5-fe80-4dac-82f5-10c99eae188c
05c3f9bd-eaa0-4b86-aa47-ee0c08b5ec8a,system,13:53.8,system,13:53.8,6,2018,15910,1591,0,0,0,0,0,0,0,0,41898bb2-578e-4de1-90d2-17d529c09342
0e519baa-b373-4f4c-b3f9-6061e4c8046e,system,13:53.8,system,13:53.8,8,2018,8010,801,0,0,0,0,0,0,0,0,c307a9a5-fe80-4dac-82f5-10c99eae188c
0e58dcf2-2ea5-446e-83f3-1b535e81b626,system,13:53.8,system,13:53.8,9,2018,10500,1050,0,0,0,0,0,0,0,0,b4bd475a-5c43-4e6c-90a2-0b8ffb19979c
15a605eb-e0d4-47ac-b16a-727ac6c0f51a,system,13:53.8,system,13:53.8,7,2018,5200,520,0,0,0,0,0,0,0,0,54982639-0e81-4694-a82d-002740f246da
16212521-2f59-48d9-b664-5242e927d93c,system,13:53.8,system,13:53.8,11,2018,18510,1851,0,0,0,0,0,0,0,0,55084321-7867-4d7d-b676-107287c76710
182cca96-8660-495f-8f4f-d8698f456885,system,38:31.0,system,38:31.0,10,2018,0,207.9,0,0,0,0,0,0,0,0,NULL
20ac617c-4141-4b96-b9b5-2b7ab38423bc,system,13:53.8,system,13:53.8,10,2018,26030,2603,0,0,0,0,0,0,0,0,c307a9a5-fe80-4dac-82f5-10c99eae188c
246f6ff6-69e4-45e0-90cf-f2a7c9bdf851,system,13:53.8,system,13:53.8,12,2018,28670,2867,0,0,0,0,0,0,0,0,54982639-0e81-4694-a82d-002740f246da
24a29fb4-61b1-479c-b279-83c01fc4a48f,system,13:53.8,system,13:53.8,2,2018,20000,2000,0,0,0,0,0,0,0,0,b4bd475a-5c43-4e6c-90a2-0b8ffb19979c
26432fd2-d717-4559-815e-0e24c764c684,system,13:53.8,system,13:53.8,2,2018,20000,2000,0,0,0,0,0,0,0,0,41898bb2-578e-4de1-90d2-17d529c09342
2908f8f7-dc81-4b11-afb5-c264ff41a31b,system,13:53.8,system,13:53.8,3,2018,17640,1764,0,0,0,0,0,0,0,0,77a974c2-d179-4241-8095-faccf36ae8c2
2beb52fb-f00c-44f1-a3f0-17816b69a9ff,system,13:53.8,system,13:53.8,7,2018,5200,520,0,0,0,0,0,0,0,0,b4bd475a-5c43-4e6c-90a2-0b8ffb19979c
2f23aa27-d075-450f-9a00-9f36f786dd22,system,13:53.8,system,13:53.8,5,2018,12620,1262,0,0,0,0,0,0,0,0,55084321-7867-4d7d-b676-107287c76710
300aefa1-20fb-4761-b9f2-126bd70c9824,system,13:53.8,system,13:53.8,9,2018,10500,1050,0,0,0,0,0,0,0,0,41898bb2-578e-4de1-90d2-17d529c09342
31e117c2-2a9c-458d-8bb2-2f13af736a09,system,13:53.8,system,13:53.8,12,2018,28670,2867,0,0,0,0,0,0,0,0,41898bb2-578e-4de1-90d2-17d529c09342
345a1b1b-4bd4-4356-bf57-1bd34bb3af20,system,13:53.8,system,13:53.8,11,2018,18510,1851,0,0,0,0,0,0,0,0,f78ca5ea-c94b-49b2-827d-7ca5e322c4b2
3575f8be-dd2a-493d-8ce6-0edaec826a19,system,13:53.8,system,13:53.8,11,2018,18510,1851,0,0,0,0,0,0,0,0,41898bb2-578e-4de1-90d2-17d529c09342
35e98988-df74-4ed1-b5c9-c534d7297546,system,13:53.8,system,13:53.8,3,2018,17640,1764,0,0,0,0,0,0,0,0,c307a9a5-fe80-4dac-82f5-10c99eae188c
3b15056d-ef2d-4b69-8e94-f71d6ba731f4,system,13:53.8,system,13:53.8,9,2018,10500,1050,0,0,0,0,0,0,0,0,54982639-0e81-4694-a82d-002740f246da
3d7bf9ab-7def-4892-82f9-1a57f12c7127,system,13:53.8,system,13:53.8,3,2018,17640,1764,0,0,0,0,0,0,0,0,55084321-7867-4d7d-b676-107287c76710
3fc97112-31f0-47e4-bddb-c4f786d9a297,system,13:53.8,system,13:53.8,5,2018,12620,1262,0,0,0,0,0,0,0,0,77a974c2-d179-4241-8095-faccf36ae8c2
41066f56-3d4f-47a5-8c23-2f6fe0af4ed2,system,13:53.8,system,13:53.8,10,2018,26030,2603,0,0,0,0,0,0,0,0,b4bd475a-5c43-4e6c-90a2-0b8ffb19979c
483e69c4-a3de-4a72-b8f8-c7e7ea3c1920,system,38:31.0,system,38:31.0,4,2018,0,91,0,0,0,0,0,0,0,0,NULL
489ab22c-5c0f-48b9-83d4-e9d4e4c1d018,system,13:53.8,system,13:53.8,1,2018,26410,2641,0,0,0,0,0,0,0,0,54982639-0e81-4694-a82d-002740f246da
4b767558-a0bd-4b74-8a55-75849aaf6777,system,38:31.0,system,38:31.0,2,2018,0,228.8,0,0,0,0,0,0,0,0,NULL
4b95c08a-3d32-4ac4-a86a-0220494d7d74,system,13:53.8,system,13:53.8,11,2018,18510,1851,0,0,0,0,0,0,0,0,77a974c2-d179-4241-8095-faccf36ae8c2
4ee93e62-54c1-4e89-9f94-07c87aadf956,system,13:53.8,system,13:53.8,6,2018,15910,1591,0,0,0,0,0,0,0,0,b4bd475a-5c43-4e6c-90a2-0b8ffb19979c
51dbd9ba-476d-46f3-b4be-f455bafd5e51,system,13:53.8,system,13:53.8,4,2018,14500,1450,0,0,0,0,0,0,0,0,54982639-0e81-4694-a82d-002740f246da
522d1806-b632-4509-8116-a54103827d14,system,13:53.8,system,13:53.8,10,2018,26030,2603,0,0,0,0,0,0,0,0,54982639-0e81-4694-a82d-002740f246da
52bc66bf-4233-43ec-9f6b-16e64214c49c,system,13:53.8,system,13:53.8,7,2018,5200,520,0,0,0,0,0,0,0,0,c307a9a5-fe80-4dac-82f5-10c99eae188c
52cca8dc-ef38-47f5-ad62-fcb3876edf33,system,13:53.8,system,13:53.8,10,2018,26030,2603,0,0,0,0,0,0,0,0,55084321-7867-4d7d-b676-107287c76710
55f1bc9c-5422-4fe9-8025-02527b61cb04,system,38:31.0,system,38:31.0,1,2018,0,238.4,0,0,0,0,0,0,0,0,NULL
57a0d7e2-e587-4668-9506-1d9ca0f32f59,system,13:53.8,system,13:53.8,11,2018,18510,1851,0,0,0,0,0,0,0,0,c307a9a5-fe80-4dac-82f5-10c99eae188c
591144c7-6b67-4840-91ab-1399929e91d2,system,13:53.8,system,13:53.8,2,2018,20000,2000,0,0,0,0,0,0,0,0,77a974c2-d179-4241-8095-faccf36ae8c2
5e3c3a49-22d7-4570-904e-4e3f39425de1,system,13:53.8,system,13:53.8,5,2018,12620,1262,0,0,0,0,0,0,0,0,c307a9a5-fe80-4dac-82f5-10c99eae188c
61df7746-375d-4fa3-9dc9-e0be67ed0fb1,system,13:53.8,system,13:53.8,1,2018,26410,2641,0,0,0,0,0,0,0,0,77a974c2-d179-4241-8095-faccf36ae8c2
621e35d6-5737-472e-a91f-f27a35ddd7db,system,38:31.0,system,38:31.0,0,2018,0,251.8,0,0,0,0,0,0,0,0,NULL
63aa00e9-ca3b-45ae-a561-41a136486f76,system,13:53.8,system,13:53.8,10,2018,26030,2603,0,0,0,0,0,0,0,0,f78ca5ea-c94b-49b2-827d-7ca5e322c4b2
652a05a6-ddb9-4b5a-a811-784a7280bf4f,system,13:53.8,system,13:53.8,11,2018,18510,1851,0,0,0,0,0,0,0,0,b4bd475a-5c43-4e6c-90a2-0b8ffb19979c
6650331b-5199-46a4-8a57-fd18ce13946e,system,13:53.8,system,13:53.8,11,2018,18510,1851,0,0,0,0,0,0,0,0,54982639-0e81-4694-a82d-002740f246da
69816062-d738-4f4e-b233-6aec87741a6c,system,13:53.8,system,13:53.8,1,2018,26410,2641,0,0,0,0,0,0,0,0,c307a9a5-fe80-4dac-82f5-10c99eae188c
6db765c6-9338-4eda-bb3f-7a0b9bea7cae,system,13:53.8,system,13:53.8,8,2018,8010,801,0,0,0,0,0,0,0,0,41898bb2-578e-4de1-90d2-17d529c09342
70855585-ba7d-4f39-bcff-9b98460b24fe,system,13:53.8,system,13:53.8,4,2018,14500,1450,0,0,0,0,0,0,0,0,b4bd475a-5c43-4e6c-90a2-0b8ffb19979c
773a63c9-1d7f-4cf4-8948-b77b6c4edb92,system,13:53.8,system,13:53.8,8,2018,8010,801,0,0,0,0,0,0,0,0,b4bd475a-5c43-4e6c-90a2-0b8ffb19979c
774770c8-fc04-4545-aeca-a8248467af27,system,13:53.8,system,13:53.8,3,2018,17640,1764,0,0,0,0,0,0,0,0,54982639-0e81-4694-a82d-002740f246da
7d14e36a-87a0-4102-b21c-b341d1bb1f6c,system,13:53.8,system,13:53.8,12,2018,28670,2867,0,0,0,0,0,0,0,0,c307a9a5-fe80-4dac-82f5-10c99eae188c
7dce09ba-50dd-42fa-a85a-4470a3791ddb,system,38:31.0,system,38:31.0,8,2018,0,99.3,0,0,0,0,0,0,0,0,NULL
7ff03051-4e15-4dd7-b0b3-a781a9cc5c9e,system,13:53.8,system,13:53.8,12,2018,28670,2867,0,0,0,0,0,0,0,0,77a974c2-d179-4241-8095-faccf36ae8c2
80ce3d84-a60e-489a-8eb0-f62c62bc8491,system,38:31.0,system,38:31.0,9,2018,0,163.6,0,0,0,0,0,0,0,0,NULL
83c4a878-f06f-4326-9248-d7f6d4816b9f,system,13:53.8,system,13:53.8,8,2018,8010,801,0,0,0,0,0,0,0,0,54982639-0e81-4694-a82d-002740f246da
841e63cc-760a-4002-b6f3-deb83d786352,system,13:53.8,system,13:53.8,1,2018,26410,2641,0,0,0,0,0,0,0,0,b4bd475a-5c43-4e6c-90a2-0b8ffb19979c
84db931e-a932-4ab4-b1c9-acdec372461e,system,13:53.8,system,13:53.8,2,2018,20000,2000,0,0,0,0,0,0,0,0,c307a9a5-fe80-4dac-82f5-10c99eae188c
87b8d0fa-278e-4670-8d71-6f3fac9c7cbe,system,13:53.8,system,13:53.8,2,2018,20000,2000,0,0,0,0,0,0,0,0,54982639-0e81-4694-a82d-002740f246da
8f36387c-7b6a-4346-8b65-9ebe89feae06,system,13:53.8,system,13:53.8,4,2018,14500,1450,0,0,0,0,0,0,0,0,41898bb2-578e-4de1-90d2-17d529c09342
93cd1512-64fc-460f-a9ec-9b61a8052fd5,system,13:53.8,system,13:53.8,2,2018,20000,2000,0,0,0,0,0,0,0,0,f78ca5ea-c94b-49b2-827d-7ca5e322c4b2
95366537-c601-485e-81d6-51010f056ad9,system,13:53.8,system,13:53.8,3,2018,17640,1764,0,0,0,0,0,0,0,0,f78ca5ea-c94b-49b2-827d-7ca5e322c4b2
954631f8-3d83-4669-b01d-c22a0207c06a,system,13:53.8,system,13:53.8,8,2018,8010,801,0,0,0,0,0,0,0,0,f78ca5ea-c94b-49b2-827d-7ca5e322c4b2
95cc3194-a6ec-400c-9901-37f985195d5c,system,13:53.8,system,13:53.8,9,2018,10500,1050,0,0,0,0,0,0,0,0,55084321-7867-4d7d-b676-107287c76710
97cdcf05-3fc9-4896-a50d-c604fe74ff9b,system,13:53.8,system,13:53.8,2,2018,20000,2000,0,0,0,0,0,0,0,0,55084321-7867-4d7d-b676-107287c76710
98b06121-c8fe-4984-ab02-8ef38dd8a8fd,system,13:53.8,system,13:53.8,3,2018,17640,1764,0,0,0,0,0,0,0,0,41898bb2-578e-4de1-90d2-17d529c09342
997b7fc2-4768-4bc6-9ae5-a48cd2fb75eb,system,13:53.8,system,13:53.8,4,2018,14500,1450,0,0,0,0,0,0,0,0,55084321-7867-4d7d-b676-107287c76710
9b4c6dc5-1779-4146-8eb4-6271617f0016,system,13:53.8,system,13:53.8,7,2018,5200,520,0,0,0,0,0,0,0,0,55084321-7867-4d7d-b676-107287c76710
9cf2aa15-9f71-4f0a-952a-f5a6c65d4159,system,13:53.8,system,13:53.8,5,2018,12620,1262,0,0,0,0,0,0,0,0,f78ca5ea-c94b-49b2-827d-7ca5e322c4b2
9d4f6f4d-a050-47ef-a75a-abb7b9bca25d,system,38:31.0,system,38:31.0,5,2018,0,68.9,0,0,0,0,0,0,0,0,NULL
a0d7da97-0928-4741-816b-0813daa90f80,system,13:53.8,system,13:53.8,4,2018,14500,1450,0,0,0,0,0,0,0,0,f78ca5ea-c94b-49b2-827d-7ca5e322c4b2
a20fd5e3-26a3-47b5-ad60-1c4a08312333,system,13:53.8,system,13:53.8,5,2018,12620,1262,0,0,0,0,0,0,0,0,54982639-0e81-4694-a82d-002740f246da
a4a2172a-001f-45cd-877a-520b8aeaad04,system,13:53.8,system,13:53.8,8,2018,8010,801,0,0,0,0,0,0,0,0,77a974c2-d179-4241-8095-faccf36ae8c2
a858b948-51c4-49fc-9424-db708d597d09,system,13:53.8,system,13:53.8,12,2018,28670,2867,0,0,0,0,0,0,0,0,f78ca5ea-c94b-49b2-827d-7ca5e322c4b2
acd6c6fc-313c-4303-a28e-f782a668ef42,system,13:53.8,system,13:53.8,1,2018,26410,2641,0,0,0,0,0,0,0,0,41898bb2-578e-4de1-90d2-17d529c09342
b06137b7-b2a9-4483-8ee9-980da6ef54ce,system,13:53.8,system,13:53.8,6,2018,15910,1591,0,0,0,0,0,0,0,0,54982639-0e81-4694-a82d-002740f246da
b0f71a1e-19e0-4fa1-9e81-cde37cf878d6,system,38:31.0,system,38:31.0,6,2018,0,46,0,0,0,0,0,0,0,0,NULL
b63da982-9e2f-43bf-b80e-a5513de1acc0,system,13:53.8,system,13:53.8,6,2018,15910,1591,0,0,0,0,0,0,0,0,77a974c2-d179-4241-8095-faccf36ae8c2
b810359e-e49b-4ea5-9a6a-e7c47ca7f6d5,system,13:53.8,system,13:53.8,1,2018,26410,2641,0,0,0,0,0,0,0,0,f78ca5ea-c94b-49b2-827d-7ca5e322c4b2
b9af89c8-7ee9-4d99-8e3f-96a6ac947c1a,system,13:53.8,system,13:53.8,5,2018,12620,1262,0,0,0,0,0,0,0,0,b4bd475a-5c43-4e6c-90a2-0b8ffb19979c
c146674e-4be0-4e98-b8c5-5c5fea581b7c,system,13:53.8,system,13:53.8,8,2018,8010,801,0,0,0,0,0,0,0,0,55084321-7867-4d7d-b676-107287c76710
c63cd480-3db7-4b08-99b1-8f04633a410d,system,13:53.8,system,13:53.8,9,2018,10500,1050,0,0,0,0,0,0,0,0,c307a9a5-fe80-4dac-82f5-10c99eae188c
cb98388f-27df-420d-8e43-b86deb545d51,system,13:53.8,system,13:53.8,7,2018,5200,520,0,0,0,0,0,0,0,0,f78ca5ea-c94b-49b2-827d-7ca5e322c4b2
cc7149d3-0980-42fe-ba09-fe0686dea190,system,13:53.8,system,13:53.8,5,2018,12620,1262,0,0,0,0,0,0,0,0,41898bb2-578e-4de1-90d2-17d529c09342
cdddd5d9-5f2b-424b-baad-ed0d2635e9eb,system,13:53.8,system,13:53.8,4,2018,14500,1450,0,0,0,0,0,0,0,0,77a974c2-d179-4241-8095-faccf36ae8c2
d41d4016-fe49-4a0b-a765-66497a4e5a6d,system,13:53.8,system,13:53.8,7,2018,5200,520,0,0,0,0,0,0,0,0,77a974c2-d179-4241-8095-faccf36ae8c2
d9d7f23d-3ad1-4a01-9cae-eadd41dba52a,system,13:53.8,system,13:53.8,12,2018,28670,2867,0,0,0,0,0,0,0,0,b4bd475a-5c43-4e6c-90a2-0b8ffb19979c
dcb4e8a5-6e51-438b-a499-0550b8d58c41,system,13:53.8,system,13:53.8,6,2018,15910,1591,0,0,0,0,0,0,0,0,55084321-7867-4d7d-b676-107287c76710
dd018e7a-6e6f-4184-ae31-155cad509d0a,system,13:53.8,system,13:53.8,3,2018,17640,1764,0,0,0,0,0,0,0,0,b4bd475a-5c43-4e6c-90a2-0b8ffb19979c
e2c57ae6-a9d7-4bd7-91d3-781dea13a315,system,13:53.8,system,13:53.8,10,2018,26030,2603,0,0,0,0,0,0,0,0,77a974c2-d179-4241-8095-faccf36ae8c2
e489bd42-f3d2-4b1a-9a85-5b1443cdde38,system,38:31.0,system,38:31.0,7,2018,0,45.1,0,0,0,0,0,0,0,0,NULL
e5cbc287-313c-4ce2-8eaa-6d3e61c9dc28,system,13:53.8,system,13:53.8,1,2018,26410,2641,0,0,0,0,0,0,0,0,55084321-7867-4d7d-b676-107287c76710
e7f78f9f-515e-4170-887c-3320b17f656a,system,13:53.8,system,13:53.8,10,2018,26030,2603,0,0,0,0,0,0,0,0,41898bb2-578e-4de1-90d2-17d529c09342
e8caf1af-b39f-451c-b35f-3104756090c2,system,13:53.8,system,13:53.8,7,2018,5200,520,0,0,0,0,0,0,0,0,41898bb2-578e-4de1-90d2-17d529c09342
ee065247-6b72-4a1f-b2e5-191ff51a5c24,system,13:53.8,system,13:53.8,6,2018,15910,1591,0,0,0,0,0,0,0,0,c307a9a5-fe80-4dac-82f5-10c99eae188c
ef9e571f-fbbc-4a58-a328-c7edee3f59f1,system,38:31.0,system,38:31.0,3,2018,0,176.7,0,0,0,0,0,0,0,0,NULL
f0380992-399b-456b-9165-32c881cbc9a9,system,13:53.8,system,13:53.8,6,2018,15910,1591,0,0,0,0,0,0,0,0,f78ca5ea-c94b-49b2-827d-7ca5e322c4b2
f08f053b-c7cb-4c3d-b55c-c5171243c877,system,38:31.0,system,38:31.0,11,2018,0,259.2,0,0,0,0,0,0,0,0,NULL
f3191b58-801e-4afd-b03e-9a00eb755b85,system,13:53.8,system,13:53.8,9,2018,10500,1050,0,0,0,0,0,0,0,0,f78ca5ea-c94b-49b2-827d-7ca5e322c4b2
f866dcec-6551-4e0d-a174-fcf633990b94,system,13:53.8,system,13:53.8,12,2018,28670,2867,0,0,0,0,0,0,0,0,55084321-7867-4d7d-b676-107287c76710
0356fc11-ab5f-47fb-bc87-855ba7bd126d,system,13:53.8,system,13:53.8,8,2019,4200,420,0,0,0,0,0,0,0,0,77a974c2-d179-4241-8095-faccf36ae8c2
057b6b3b-f032-4a00-b07c-046b62d6616b,system,38:31.0,system,38:31.0,1,2019,0,274.2,0,0,0,0,0,0,0,0,NULL
0e1ff317-071c-4bb1-902c-22b39d0ca877,system,13:53.8,system,13:53.8,12,2019,32000,3200,0,0,0,0,0,0,0,0,41898bb2-578e-4de1-90d2-17d529c09342
120647c8-5bf9-4382-a28c-fafd4f5f1dbe,system,13:53.8,system,13:53.8,1,2019,24300,2430,0,0,0,0,0,0,0,0,54982639-0e81-4694-a82d-002740f246da
156cb023-6396-4a62-845b-dbcb26af11bd,system,13:53.8,system,13:53.8,3,2019,26970,2697,0,0,0,0,0,0,0,0,b4bd475a-5c43-4e6c-90a2-0b8ffb19979c
18b60ba3-6129-4de9-9c5b-cc934b40814f,system,13:53.8,system,13:53.8,9,2019,11000,1100,0,0,0,0,0,0,0,0,b4bd475a-5c43-4e6c-90a2-0b8ffb19979c
1b3ad095-44fd-432d-a833-c9261874b3ed,system,13:53.8,system,13:53.8,2,2019,22990,2299,0,0,0,0,0,0,0,0,41898bb2-578e-4de1-90d2-17d529c09342
1f130417-46f1-4721-8681-bae941e0d8fe,system,13:53.8,system,13:53.8,2,2019,22990,2299,0,0,0,0,0,0,0,0,c307a9a5-fe80-4dac-82f5-10c99eae188c
20914dff-1f31-43ea-b957-6b9a4629b1b5,system,13:53.8,system,13:53.8,6,2019,5650,565,0,0,0,0,0,0,0,0,54982639-0e81-4694-a82d-002740f246da
21c4d0ce-acd5-475a-868a-2f27e2b5f10a,system,13:53.8,system,13:53.8,9,2019,11000,1100,0,0,0,0,0,0,0,0,55084321-7867-4d7d-b676-107287c76710
23325f17-e3a2-4e0d-ac75-023573d788a4,system,13:53.8,system,13:53.8,4,2019,15860,1586,0,0,0,0,0,0,0,0,41898bb2-578e-4de1-90d2-17d529c09342
2732e456-df2b-4e73-a972-0353cc586fac,system,13:53.8,system,13:53.8,3,2019,26970,2697,0,0,0,0,0,0,0,0,55084321-7867-4d7d-b676-107287c76710
278f2e1d-4b96-4d39-91e1-8083dc0474b2,system,13:53.8,system,13:53.8,4,2019,15860,1586,0,0,0,0,0,0,0,0,c307a9a5-fe80-4dac-82f5-10c99eae188c
2dbdcd9a-de7f-403d-a5de-6d25f74eb50e,system,13:53.8,system,13:53.8,11,2019,28900,2890,0,0,0,0,0,0,0,0,c307a9a5-fe80-4dac-82f5-10c99eae188c
34962e89-f663-477b-84ae-e9d9ddc8bc24,system,13:53.8,system,13:53.8,7,2019,4800,480,0,0,0,0,0,0,0,0,c307a9a5-fe80-4dac-82f5-10c99eae188c
34b6867a-c0ba-4444-a5f1-6b5732ca1f9e,system,13:53.8,system,13:53.8,12,2019,32000,3200,0,0,0,0,0,0,0,0,54982639-0e81-4694-a82d-002740f246da
365d1149-aec9-42ff-a1ba-15153e4ab374,system,13:53.8,system,13:53.8,9,2019,11000,1100,0,0,0,0,0,0,0,0,41898bb2-578e-4de1-90d2-17d529c09342
372c85c0-be31-4772-95f6-1fdfe3235e4c,system,13:53.8,system,13:53.8,8,2019,4200,420,0,0,0,0,0,0,0,0,54982639-0e81-4694-a82d-002740f246da
37842864-d1bf-4157-873f-8b9707754944,system,13:53.8,system,13:53.8,5,2019,11830,1183,0,0,0,0,0,0,0,0,b4bd475a-5c43-4e6c-90a2-0b8ffb19979c
38f8bf54-6bcf-4fd2-bb57-2b0d98783688,system,13:53.8,system,13:53.8,3,2019,26970,2697,0,0,0,0,0,0,0,0,41898bb2-578e-4de1-90d2-17d529c09342
433f7518-617f-4ccb-a901-39710779e50e,system,13:53.8,system,13:53.8,10,2019,28430,2843,0,0,0,0,0,0,0,0,41898bb2-578e-4de1-90d2-17d529c09342
46d9fd05-c1a1-4708-accf-a3ec3626caba,system,13:53.8,system,13:53.8,3,2019,26970,2697,0,0,0,0,0,0,0,0,f78ca5ea-c94b-49b2-827d-7ca5e322c4b2
4914f42b-313e-486f-bb51-baa7d8fbb3bd,system,13:53.8,system,13:53.8,8,2019,4200,420,0,0,0,0,0,0,0,0,41898bb2-578e-4de1-90d2-17d529c09342
4a36b1f3-2ee8-402c-bb98-2d36ce1e1d32,system,13:53.8,system,13:53.8,6,2019,5650,565,0,0,0,0,0,0,0,0,f78ca5ea-c94b-49b2-827d-7ca5e322c4b2
4acc268b-40e2-4d06-b08e-aecc617dd20d,system,13:53.8,system,13:53.8,2,2019,22990,2299,0,0,0,0,0,0,0,0,55084321-7867-4d7d-b676-107287c76710
4b4be833-6229-4223-a21c-60cc2bc8f15a,system,38:31.0,system,38:31.0,2,2019,0,219,0,0,0,0,0,0,0,0,NULL
4d95419b-825d-49f0-ae70-78b33524c6d7,system,13:53.8,system,13:53.8,3,2019,26970,2697,0,0,0,0,0,0,0,0,c307a9a5-fe80-4dac-82f5-10c99eae188c
50220ee2-f2c1-401d-b974-8e129bb2e02b,system,13:53.8,system,13:53.8,5,2019,11830,1183,0,0,0,0,0,0,0,0,c307a9a5-fe80-4dac-82f5-10c99eae188c
5f5723a4-3825-4400-9aa0-cd3a20568709,system,13:53.8,system,13:53.8,7,2019,4800,480,0,0,0,0,0,0,0,0,77a974c2-d179-4241-8095-faccf36ae8c2
61dc746b-5bda-4ce7-936d-0db4086f0686,system,13:53.8,system,13:53.8,10,2019,28430,2843,0,0,0,0,0,0,0,0,54982639-0e81-4694-a82d-002740f246da
6242db9e-554f-4064-a7d9-115c78d82371,system,13:53.8,system,13:53.8,7,2019,4800,480,0,0,0,0,0,0,0,0,54982639-0e81-4694-a82d-002740f246da
635bd161-3511-4073-825a-2348d44fb51c,system,38:31.0,system,38:31.0,6,2019,0,46.4,0,0,0,0,0,0,0,0,NULL
66d4ef72-b154-493b-ad51-2b89efbf9b7a,system,13:53.8,system,13:53.8,4,2019,15860,1586,0,0,0,0,0,0,0,0,b4bd475a-5c43-4e6c-90a2-0b8ffb19979c
67965137-81a9-49e1-82f6-09e29104ac50,system,13:53.8,system,13:53.8,4,2019,15860,1586,0,0,0,0,0,0,0,0,77a974c2-d179-4241-8095-faccf36ae8c2
6b3cbf16-9a9a-4cf6-902d-8638daa7c3e0,system,13:53.8,system,13:53.8,10,2019,28430,2843,0,0,0,0,0,0,0,0,f78ca5ea-c94b-49b2-827d-7ca5e322c4b2
77318a3f-d33b-4ffc-9076-7ce6c07ccad6,system,13:53.8,system,13:53.8,6,2019,5650,565,0,0,0,0,0,0,0,0,c307a9a5-fe80-4dac-82f5-10c99eae188c
77617f17-837b-4962-8adb-4c37202f4d53,system,13:53.8,system,13:53.8,5,2019,11830,1183,0,0,0,0,0,0,0,0,f78ca5ea-c94b-49b2-827d-7ca5e322c4b2
78d8d241-38d0-479f-8b9d-10f836239961,system,13:53.8,system,13:53.8,11,2019,28900,2890,0,0,0,0,0,0,0,0,77a974c2-d179-4241-8095-faccf36ae8c2
7a9950a2-2c9d-414d-a0ce-6dbf791ca625,system,13:53.8,system,13:53.8,5,2019,11830,1183,0,0,0,0,0,0,0,0,54982639-0e81-4694-a82d-002740f246da
7aed9000-6fde-4d27-a34b-d1f7b0a27d70,system,13:53.8,system,13:53.8,7,2019,4800,480,0,0,0,0,0,0,0,0,f78ca5ea-c94b-49b2-827d-7ca5e322c4b2
7b37c526-fa97-4878-ad37-19e19d24ff83,system,38:31.0,system,38:31.0,0,2019,0,248.8,0,0,0,0,0,0,0,0,NULL
81b48931-b978-4f72-888a-fdbd779177f7,system,13:53.8,system,13:53.8,1,2019,24300,2430,0,0,0,0,0,0,0,0,41898bb2-578e-4de1-90d2-17d529c09342
822cce1c-a8da-4440-b5ca-20236553346f,system,13:53.8,system,13:53.8,9,2019,11000,1100,0,0,0,0,0,0,0,0,77a974c2-d179-4241-8095-faccf36ae8c2
82896e1b-5eda-49a9-9f5a-d27bbe175e13,system,13:53.8,system,13:53.8,8,2019,4200,420,0,0,0,0,0,0,0,0,f78ca5ea-c94b-49b2-827d-7ca5e322c4b2
85785fc1-c6f8-4d65-865b-75dac10e44d3,system,13:53.8,system,13:53.8,3,2019,26970,2697,0,0,0,0,0,0,0,0,77a974c2-d179-4241-8095-faccf36ae8c2
85ed8d7b-23d3-4acd-8f08-dc7c1010ddf5,system,13:53.8,system,13:53.8,11,2019,28900,2890,0,0,0,0,0,0,0,0,f78ca5ea-c94b-49b2-827d-7ca5e322c4b2
87534e2f-dbba-40b0-bf34-0059660465d6,system,13:53.8,system,13:53.8,11,2019,28900,2890,0,0,0,0,0,0,0,0,54982639-0e81-4694-a82d-002740f246da
877b1d30-5227-43f6-a760-473d3da8b703,system,13:53.8,system,13:53.8,5,2019,11830,1183,0,0,0,0,0,0,0,0,41898bb2-578e-4de1-90d2-17d529c09342
880511c7-ac40-49fb-9e67-a9fb5d852494,system,13:53.8,system,13:53.8,12,2019,32000,3200,0,0,0,0,0,0,0,0,f78ca5ea-c94b-49b2-827d-7ca5e322c4b2
888620d7-0271-4027-a8f1-28bc55655d5f,system,13:53.8,system,13:53.8,10,2019,28430,2843,0,0,0,0,0,0,0,0,77a974c2-d179-4241-8095-faccf36ae8c2
8b4bb5ea-fa99-4a95-9e24-44388eb33b28,system,13:53.8,system,13:53.8,1,2019,24300,2430,0,0,0,0,0,0,0,0,b4bd475a-5c43-4e6c-90a2-0b8ffb19979c
8d21e385-597c-43ad-b547-9760854564ee,system,13:53.8,system,13:53.8,4,2019,15860,1586,0,0,0,0,0,0,0,0,54982639-0e81-4694-a82d-002740f246da
8d2c167e-6c41-4e4c-9280-79b8ffefbd07,system,13:53.8,system,13:53.8,4,2019,15860,1586,0,0,0,0,0,0,0,0,55084321-7867-4d7d-b676-107287c76710
8d55fd2d-b3c0-4455-9c06-a124530455ff,system,38:31.0,system,38:31.0,4,2019,0,96.7,0,0,0,0,0,0,0,0,NULL
8d68b11f-e2e3-41eb-9583-4a706c773da2,system,13:53.8,system,13:53.8,6,2019,5650,565,0,0,0,0,0,0,0,0,41898bb2-578e-4de1-90d2-17d529c09342
8e52304a-f472-42d9-92f4-374ca8d5cdef,system,38:31.0,system,38:31.0,3,2019,0,157.9,0,0,0,0,0,0,0,0,NULL
91eebc3f-4c41-42ef-9e32-8ee8ee1630dd,system,13:53.8,system,13:53.8,2,2019,22990,2299,0,0,0,0,0,0,0,0,b4bd475a-5c43-4e6c-90a2-0b8ffb19979c
93708db5-2e5c-4608-bbb3-4ae32ada945c,system,13:53.8,system,13:53.8,6,2019,5650,565,0,0,0,0,0,0,0,0,55084321-7867-4d7d-b676-107287c76710
99263d1a-f2a5-45c8-90e2-29f24266371e,system,13:53.8,system,13:53.8,2,2019,22990,2299,0,0,0,0,0,0,0,0,f78ca5ea-c94b-49b2-827d-7ca5e322c4b2
9ad006b1-21bf-4fda-9a59-07958d072e0b,system,13:53.8,system,13:53.8,12,2019,32000,3200,0,0,0,0,0,0,0,0,c307a9a5-fe80-4dac-82f5-10c99eae188c
9d25fde9-e324-4942-ade8-5722c4c92545,system,13:53.8,system,13:53.8,1,2019,24300,2430,0,0,0,0,0,0,0,0,55084321-7867-4d7d-b676-107287c76710
9d5b25b9-d720-47a6-9bb6-1a61996d3a6d,system,13:53.8,system,13:53.8,5,2019,11830,1183,0,0,0,0,0,0,0,0,77a974c2-d179-4241-8095-faccf36ae8c2
9d994240-0204-4c1e-9967-9430cc507b7c,system,13:53.8,system,13:53.8,1,2019,24300,2430,0,0,0,0,0,0,0,0,77a974c2-d179-4241-8095-faccf36ae8c2
9e5aae77-d478-47a0-b168-348cd8581c1d,system,13:53.8,system,13:53.8,12,2019,32000,3200,0,0,0,0,0,0,0,0,77a974c2-d179-4241-8095-faccf36ae8c2
9eb052c2-0162-4a05-b16f-c9ccaa78f4cc,system,13:53.8,system,13:53.8,10,2019,28430,2843,0,0,0,0,0,0,0,0,c307a9a5-fe80-4dac-82f5-10c99eae188c
a03e1ad2-f30e-42ea-a630-31d08f34d10b,system,13:53.8,system,13:53.8,10,2019,28430,2843,0,0,0,0,0,0,0,0,55084321-7867-4d7d-b676-107287c76710
a086eff1-a121-417c-8e3a-96e074badd1c,system,13:53.8,system,13:53.8,1,2019,24300,2430,0,0,0,0,0,0,0,0,c307a9a5-fe80-4dac-82f5-10c99eae188c
a31e7753-f109-4ddc-842d-27996b97997f,system,13:53.8,system,13:53.8,8,2019,4200,420,0,0,0,0,0,0,0,0,c307a9a5-fe80-4dac-82f5-10c99eae188c
a9c89f16-c971-4ced-94af-abbc4c403360,system,13:53.8,system,13:53.8,12,2019,32000,3200,0,0,0,0,0,0,0,0,b4bd475a-5c43-4e6c-90a2-0b8ffb19979c
adfaae0c-59f8-405b-a796-68871008f017,system,13:53.8,system,13:53.8,5,2019,11830,1183,0,0,0,0,0,0,0,0,55084321-7867-4d7d-b676-107287c76710
b3081725-cb74-4b30-83b5-19711e937190,system,38:31.0,system,38:31.0,5,2019,0,60.5,0,0,0,0,0,0,0,0,NULL
b836dd2f-5c56-4b06-a606-f0eb56d3dfe6,system,13:53.8,system,13:53.8,8,2019,4200,420,0,0,0,0,0,0,0,0,b4bd475a-5c43-4e6c-90a2-0b8ffb19979c
ba8520b8-f227-4348-a9a0-a2b5734824ea,system,13:53.8,system,13:53.8,3,2019,26970,2697,0,0,0,0,0,0,0,0,54982639-0e81-4694-a82d-002740f246da
bb9cd520-88e9-46e4-b85c-1504670e3d27,system,13:53.8,system,13:53.8,2,2019,22990,2299,0,0,0,0,0,0,0,0,77a974c2-d179-4241-8095-faccf36ae8c2
bde9c0d0-46e5-4d61-9a11-b27d103b90cb,system,13:53.8,system,13:53.8,11,2019,28900,2890,0,0,0,0,0,0,0,0,41898bb2-578e-4de1-90d2-17d529c09342
bf80271d-4237-498a-b0ed-bdff922b6241,system,13:53.8,system,13:53.8,11,2019,28900,2890,0,0,0,0,0,0,0,0,55084321-7867-4d7d-b676-107287c76710
cbc0f07c-3227-4318-ab9d-4927ae689ce2,system,13:53.8,system,13:53.8,7,2019,4800,480,0,0,0,0,0,0,0,0,41898bb2-578e-4de1-90d2-17d529c09342
cd8d46c5-6ef6-45ab-af33-4033be866d76,system,13:53.8,system,13:53.8,11,2019,28900,2890,0,0,0,0,0,0,0,0,b4bd475a-5c43-4e6c-90a2-0b8ffb19979c
cdd59fe4-9834-45d9-ac11-91788505f5b2,system,13:53.8,system,13:53.8,7,2019,4800,480,0,0,0,0,0,0,0,0,55084321-7867-4d7d-b676-107287c76710
cf77c32d-b77b-4d7c-b956-d0cafc8fba02,system,13:53.8,system,13:53.8,9,2019,11000,1100,0,0,0,0,0,0,0,0,54982639-0e81-4694-a82d-002740f246da
cfaa1d4a-11e0-4ab1-aed4-8bbce6b19553,system,13:53.8,system,13:53.8,9,2019,11000,1100,0,0,0,0,0,0,0,0,f78ca5ea-c94b-49b2-827d-7ca5e322c4b2
d3ba35c0-0f58-4318-9d5e-33c50c501d5d,system,13:53.8,system,13:53.8,12,2019,32000,3200,0,0,0,0,0,0,0,0,55084321-7867-4d7d-b676-107287c76710
da5876d1-bf12-464a-9228-cac2c5f9f7ba,system,13:53.8,system,13:53.8,7,2019,4800,480,0,0,0,0,0,0,0,0,b4bd475a-5c43-4e6c-90a2-0b8ffb19979c
dfdc0219-ae61-4642-9903-9b2ce5050d60,system,13:53.8,system,13:53.8,10,2019,28430,2843,0,0,0,0,0,0,0,0,b4bd475a-5c43-4e6c-90a2-0b8ffb19979c
ebf0dd53-6f0e-4c85-9e1c-5b6bbd3f1bf0,system,13:53.8,system,13:53.8,9,2019,11000,1100,0,0,0,0,0,0,0,0,c307a9a5-fe80-4dac-82f5-10c99eae188c
f369a761-d041-4446-847f-a2c1eaae1510,system,13:53.8,system,13:53.8,1,2019,24300,2430,0,0,0,0,0,0,0,0,f78ca5ea-c94b-49b2-827d-7ca5e322c4b2
f4887612-da75-45f9-b35a-2bab2cda1884,system,13:53.8,system,13:53.8,2,2019,22990,2299,0,0,0,0,0,0,0,0,54982639-0e81-4694-a82d-002740f246da
f48bfe72-deb1-4ad6-8bf7-154f1bf4cd2d,system,13:53.8,system,13:53.8,4,2019,15860,1586,0,0,0,0,0,0,0,0,f78ca5ea-c94b-49b2-827d-7ca5e322c4b2
fc9c787d-1295-4947-8132-178d7a391682,system,13:53.8,system,13:53.8,6,2019,5650,565,0,0,0,0,0,0,0,0,b4bd475a-5c43-4e6c-90a2-0b8ffb19979c
fd4c9c41-afed-467a-acb1-f353ed81ccb2,system,13:53.8,system,13:53.8,8,2019,4200,420,0,0,0,0,0,0,0,0,55084321-7867-4d7d-b676-107287c76710
fd5f1d12-54b5-4da0-9f7a-ceb62ba7ffa3,system,13:53.8,system,13:53.8,6,2019,5650,565,0,0,0,0,0,0,0,0,77a974c2-d179-4241-8095-faccf36ae8c2
