id,createdBy,createdDate,lastModifiedBy,lastModifiedDate,month,year,total_charge,m_3_consumption,blended_rate,water_rate,water_charge,water_basic_service_charge,total_water_charge,sewer_rate,sewer_charge,sewer_basic_service_charge,drianage_service_charge,total_sewer_charge,tax,building_id
"03e77aa5-a689-4d55-b675-69467d38c2b0","system","2020-07-16 18:13:53.752","system","2020-07-16 18:13:53.752",9,2017,38680,3868,0,0,0,0,0,0,0,0,0,0,0,"c307a9a5-fe80-4dac-82f5-10c99eae188c"
"04b54d2e-52d7-4dba-8811-75504d14b60a","system","2020-07-16 18:13:53.752","system","2020-07-16 18:13:53.752",11,2019,39520,3952,0,0,0,0,0,0,0,0,0,0,0,"54982639-0e81-4694-a82d-002740f246da"
"04c78e26-bce8-49cb-84db-678eb319aca9","system","2020-07-16 18:13:53.752","system","2020-07-16 18:13:53.752",3,2018,37760,3776,0,0,0,0,0,0,0,0,0,0,0,"f78ca5ea-c94b-49b2-827d-7ca5e322c4b2"
"07526085-b9e3-4fbc-b902-8667b146fd90","system","2020-07-16 18:13:53.752","system","2020-07-16 18:13:53.752",8,2018,42020,4202,0,0,0,0,0,0,0,0,0,0,0,"77a974c2-d179-4241-8095-faccf36ae8c2"
"07e7bd1f-66c2-40e2-8419-c683852db62e","system","2020-07-16 18:13:53.752","system","2020-07-16 18:13:53.752",10,2017,34650,3465,0,0,0,0,0,0,0,0,0,0,0,"41898bb2-578e-4de1-90d2-17d529c09342"
"088b7620-8fa2-4ef9-ae9d-3e093e9a5465","system","2020-10-14 23:39:33.299","system","2020-10-14 23:39:33.299",7,2011,0,303.92,0,0,0,0,0,0,0,0,0,0,0,NULL
"08a8590f-a9aa-4564-a1f9-ee5fc4c5db72","system","2020-10-14 23:39:33.299","system","2020-10-14 23:39:33.299",5,2010,0,315.11,0,0,0,0,0,0,0,0,0,0,0,NULL
"0a0daf95-f677-4808-8b2d-9ab3ac8d0b60","system","2020-07-16 18:13:53.752","system","2020-07-16 18:13:53.752",5,2019,46250,4625,0,0,0,0,0,0,0,0,0,0,0,"f78ca5ea-c94b-49b2-827d-7ca5e322c4b2"
"0a12c376-0e14-4229-9a1f-8a4080798941","system","2020-07-16 18:13:53.752","system","2020-07-16 18:13:53.752",8,2018,42020,4202,0,0,0,0,0,0,0,0,0,0,0,"f78ca5ea-c94b-49b2-827d-7ca5e322c4b2"
"0b759af9-9380-4250-8942-aed60992aabe","system","2020-10-14 23:39:33.299","system","2020-10-14 23:39:33.299",7,2012,0,235.23,0,0,0,0,0,0,0,0,0,0,0,NULL
"0c13f40a-b675-4bf8-aeaa-159dc38946cf","system","2020-10-14 23:39:33.299","system","2020-10-14 23:39:33.299",3,2013,0,316.33,0,0,0,0,0,0,0,0,0,0,0,NULL
"0c772b03-6112-4327-a341-966693d0b23b","system","2020-10-14 23:39:33.299","system","2020-10-14 23:39:33.299",2,2011,0,285.04,0,0,0,0,0,0,0,0,0,0,0,NULL
"0e28114b-cb2c-44f6-91b1-62b2fdae4700","system","2020-07-16 18:13:53.752","system","2020-07-16 18:13:53.752",3,2019,30320,3032,0,0,0,0,0,0,0,0,0,0,0,"54982639-0e81-4694-a82d-002740f246da"
"0f386670-13f8-4047-823a-7b831640701a","system","2020-07-16 18:13:53.752","system","2020-07-16 18:13:53.752",1,2019,39630,3963,0,0,0,0,0,0,0,0,0,0,0,"f78ca5ea-c94b-49b2-827d-7ca5e322c4b2"
"0ff0b8d4-0e1f-4d3e-8772-f69bfddc2ef8","system","2020-07-16 18:13:53.752","system","2020-07-16 18:13:53.752",4,2017,40150,4015,0,0,0,0,0,0,0,0,0,0,0,"b4bd475a-5c43-4e6c-90a2-0b8ffb19979c"
"113ffb60-be40-42c0-bca0-4c098dfeb021","system","2020-07-16 18:13:53.752","system","2020-07-16 18:13:53.752",12,2019,30100,3010,0,0,0,0,0,0,0,0,0,0,0,"b4bd475a-5c43-4e6c-90a2-0b8ffb19979c"
"11c953be-c2a7-4d19-bb75-26d297e12462","system","2020-07-16 18:13:53.752","system","2020-07-16 18:13:53.752",1,2018,40920,4092,0,0,0,0,0,0,0,0,0,0,0,"77a974c2-d179-4241-8095-faccf36ae8c2"
"1307f1ec-fd8c-4fec-b8c8-867fb24c18f2","system","2020-07-16 18:13:53.752","system","2020-07-16 18:13:53.752",12,2019,30100,3010,0,0,0,0,0,0,0,0,0,0,0,"77a974c2-d179-4241-8095-faccf36ae8c2"
"144bef4c-4429-45cd-91f9-1722f7973ced","system","2020-10-14 23:39:33.299","system","2020-10-14 23:39:33.299",8,2015,0,350,0,0,0,0,0,0,0,0,0,0,0,NULL
"14fb7772-043c-49bd-bcf0-8c2522ee415f","system","2020-07-16 18:13:53.752","system","2020-07-16 18:13:53.752",7,2019,44100,4410,0,0,0,0,0,0,0,0,0,0,0,"f78ca5ea-c94b-49b2-827d-7ca5e322c4b2"
"15196265-4186-46ee-9c2a-a3f7a278c2cc","system","2020-07-16 18:13:53.752","system","2020-07-16 18:13:53.752",9,2019,42920,4292,0,0,0,0,0,0,0,0,0,0,0,"41898bb2-578e-4de1-90d2-17d529c09342"
"151db5dd-daf9-4355-8fcc-eea557f98f1c","system","2020-07-16 18:13:53.752","system","2020-07-16 18:13:53.752",8,2017,38650,3865,0,0,0,0,0,0,0,0,0,0,0,"c307a9a5-fe80-4dac-82f5-10c99eae188c"
"154f41bb-7675-4301-97aa-5f883e69d572","system","2020-10-14 23:39:33.299","system","2020-10-14 23:39:33.299",0,2013,0,295.46,0,0,0,0,0,0,0,0,0,0,0,NULL
"158a32ad-3b34-4643-b316-a09cf44f06ab","system","2020-10-14 23:39:33.299","system","2020-10-14 23:39:33.299",7,2014,0,232.25,0,0,0,0,0,0,0,0,0,0,0,NULL
"16291632-f2b5-4a11-864f-a5d063692e09","system","2020-07-16 18:13:53.752","system","2020-07-16 18:13:53.752",4,2017,40150,4015,0,0,0,0,0,0,0,0,0,0,0,"55084321-7867-4d7d-b676-107287c76710"
"163f3d1f-6ea7-4dda-8d89-7af7ad3a5689","system","2020-10-14 23:39:33.299","system","2020-10-14 23:39:33.299",8,2012,0,260.43,0,0,0,0,0,0,0,0,0,0,0,NULL
"16aa9f59-af7f-4dfc-becc-b7afef4005d3","system","2020-07-16 18:13:53.752","system","2020-07-16 18:13:53.752",6,2018,46030,4603,0,0,0,0,0,0,0,0,0,0,0,"77a974c2-d179-4241-8095-faccf36ae8c2"
"18330a68-d0ea-457f-ae87-dbbd1d5a021c","system","2020-07-16 18:13:53.752","system","2020-07-16 18:13:53.752",4,2017,40150,4015,0,0,0,0,0,0,0,0,0,0,0,"c307a9a5-fe80-4dac-82f5-10c99eae188c"
"1931fba0-385b-4dda-90a0-39c388ba6107","system","2020-07-16 18:13:53.752","system","2020-07-16 18:13:53.752",1,2017,39460,3946,0,0,0,0,0,0,0,0,0,0,0,"41898bb2-578e-4de1-90d2-17d529c09342"
"195fd619-b128-4a4e-8372-9cb998b61258","system","2020-07-16 18:13:53.752","system","2020-07-16 18:13:53.752",1,2017,39460,3946,0,0,0,0,0,0,0,0,0,0,0,"54982639-0e81-4694-a82d-002740f246da"
"19660c9c-a61d-4327-b58e-17241641b952","system","2020-07-16 18:13:53.752","system","2020-07-16 18:13:53.752",4,2019,34180,3418,0,0,0,0,0,0,0,0,0,0,0,"c307a9a5-fe80-4dac-82f5-10c99eae188c"
"1a4dd115-4a10-4c6d-98c9-58576f8e1c8f","system","2020-07-16 18:13:53.752","system","2020-07-16 18:13:53.752",4,2017,40150,4015,0,0,0,0,0,0,0,0,0,0,0,"77a974c2-d179-4241-8095-faccf36ae8c2"
"1a577317-2ed2-43dd-ae16-488d3f283a49","system","2020-07-16 18:13:53.752","system","2020-07-16 18:13:53.752",8,2018,42020,4202,0,0,0,0,0,0,0,0,0,0,0,"41898bb2-578e-4de1-90d2-17d529c09342"
"1a8a7b63-b35a-4116-beca-dc8e77cb2c6e","system","2020-07-16 18:13:53.752","system","2020-07-16 18:13:53.752",6,2019,46330,4633,0,0,0,0,0,0,0,0,0,0,0,"c307a9a5-fe80-4dac-82f5-10c99eae188c"
"1b03c81d-548c-4332-8334-9ad2b3c33d76","system","2020-07-16 18:13:53.752","system","2020-07-16 18:13:53.752",12,2018,29570,2957,0,0,0,0,0,0,0,0,0,0,0,"55084321-7867-4d7d-b676-107287c76710"
"1bbbe1fa-4fe1-4dd3-bc3b-a37f29dbef7c","system","2020-10-14 23:39:33.299","system","2020-10-14 23:39:33.299",11,2015,0,179,0,0,0,0,0,0,0,0,0,0,0,NULL
"1bd3abcd-7c88-4c55-ab68-a4117e8f0f15","system","2020-07-16 18:13:53.752","system","2020-07-16 18:13:53.752",1,2019,39630,3963,0,0,0,0,0,0,0,0,0,0,0,"77a974c2-d179-4241-8095-faccf36ae8c2"
"1cc4c3ee-b2cc-4663-a8e9-cae0c26498a9","system","2020-07-16 18:13:53.752","system","2020-07-16 18:13:53.752",2,2018,36950,3695,0,0,0,0,0,0,0,0,0,0,0,"55084321-7867-4d7d-b676-107287c76710"
"1db549c5-8884-44e9-9b46-861e2e693cf4","system","2020-10-14 23:39:33.299","system","2020-10-14 23:39:33.299",9,2015,0,173,0,0,0,0,0,0,0,0,0,0,0,NULL
"1ee6c3c9-690b-41ae-bfb4-b4afd3da723c","system","2020-07-16 18:13:53.752","system","2020-07-16 18:13:53.752",6,2019,46330,4633,0,0,0,0,0,0,0,0,0,0,0,"54982639-0e81-4694-a82d-002740f246da"
"1f2c7345-fec4-4a07-b223-08a76d5b30e9","system","2020-07-16 18:13:53.752","system","2020-07-16 18:13:53.752",9,2017,38680,3868,0,0,0,0,0,0,0,0,0,0,0,"54982639-0e81-4694-a82d-002740f246da"
"1f381e6d-5f8d-4a92-988c-fecfa4f8a77f","system","2020-07-16 18:13:53.752","system","2020-07-16 18:13:53.752",6,2018,46030,4603,0,0,0,0,0,0,0,0,0,0,0,"b4bd475a-5c43-4e6c-90a2-0b8ffb19979c"
"2053dcb8-a2ba-40e0-a0be-1f044fa3785b","system","2020-07-16 18:13:53.752","system","2020-07-16 18:13:53.752",9,2019,42920,4292,0,0,0,0,0,0,0,0,0,0,0,"b4bd475a-5c43-4e6c-90a2-0b8ffb19979c"
"21779ea8-61e5-4e74-9b77-c43557105fdf","system","2020-07-16 18:13:53.752","system","2020-07-16 18:13:53.752",6,2019,46330,4633,0,0,0,0,0,0,0,0,0,0,0,"f78ca5ea-c94b-49b2-827d-7ca5e322c4b2"
"242093e7-6707-44b1-a90e-c93271eed1aa","system","2020-07-16 18:13:53.752","system","2020-07-16 18:13:53.752",4,2017,40150,4015,0,0,0,0,0,0,0,0,0,0,0,"54982639-0e81-4694-a82d-002740f246da"
"282effb3-2235-43c9-908e-927ef8f8a8dd","system","2020-07-16 18:13:53.752","system","2020-07-16 18:13:53.752",11,2017,35930,3593,0,0,0,0,0,0,0,0,0,0,0,"f78ca5ea-c94b-49b2-827d-7ca5e322c4b2"
"29a1dfd0-2081-447a-907b-29b19be808bb","system","2020-10-14 23:39:33.299","system","2020-10-14 23:39:33.299",9,2011,0,235.28,0,0,0,0,0,0,0,0,0,0,0,NULL
"2b47048e-d585-4ebc-b4a4-c17445bc416b","system","2020-07-16 18:13:53.752","system","2020-07-16 18:13:53.752",3,2017,35440,3544,0,0,0,0,0,0,0,0,0,0,0,"77a974c2-d179-4241-8095-faccf36ae8c2"
"2ba7e522-6fa2-449b-bb13-d4e30dacac86","system","2020-10-14 23:39:33.299","system","2020-10-14 23:39:33.299",8,2013,0,303.92,0,0,0,0,0,0,0,0,0,0,0,NULL
"2e11059b-8cec-46d6-8a73-7194010a0b20","system","2020-07-16 18:13:53.752","system","2020-07-16 18:13:53.752",4,2019,34180,3418,0,0,0,0,0,0,0,0,0,0,0,"41898bb2-578e-4de1-90d2-17d529c09342"
"2ea2514e-2473-4a3b-81af-bc8bc9fb6aff","system","2020-07-16 18:13:53.752","system","2020-07-16 18:13:53.752",5,2017,37920,3792,0,0,0,0,0,0,0,0,0,0,0,"c307a9a5-fe80-4dac-82f5-10c99eae188c"
"2ff0dac3-9f2f-4286-8594-01e89cbe4c0c","system","2020-07-16 18:13:53.752","system","2020-07-16 18:13:53.752",8,2019,42090,4209,0,0,0,0,0,0,0,0,0,0,0,"b4bd475a-5c43-4e6c-90a2-0b8ffb19979c"
"30c0f47e-16b6-476c-b79b-fe4a3bd256a8","system","2020-07-16 18:13:53.752","system","2020-07-16 18:13:53.752",8,2019,42090,4209,0,0,0,0,0,0,0,0,0,0,0,"41898bb2-578e-4de1-90d2-17d529c09342"
"30f70185-761c-439e-9cd8-93b3fffafb97","system","2020-10-14 23:39:33.299","system","2020-10-14 23:39:33.299",5,2016,0,179,0,0,0,0,0,0,0,0,0,0,0,NULL
"33d98bf0-2b5d-48b9-86fe-d6f2ae36abcb","system","2020-07-16 18:13:53.752","system","2020-07-16 18:13:53.752",5,2019,46250,4625,0,0,0,0,0,0,0,0,0,0,0,"54982639-0e81-4694-a82d-002740f246da"
"345f3be7-2712-4548-b9b8-8caca21e9fbc","system","2020-10-14 23:39:33.299","system","2020-10-14 23:39:33.299",4,2010,0,306.1,0,0,0,0,0,0,0,0,0,0,0,NULL
"35cdba8e-cff6-4dac-85a7-e3ce6f7695ba","system","2020-10-14 23:39:33.299","system","2020-10-14 23:39:33.299",4,2013,0,306.1,0,0,0,0,0,0,0,0,0,0,0,NULL
"36b3caf5-8ee4-4cb7-81e0-eaa3afb152c3","system","2020-07-16 18:13:53.752","system","2020-07-16 18:13:53.752",8,2019,42090,4209,0,0,0,0,0,0,0,0,0,0,0,"f78ca5ea-c94b-49b2-827d-7ca5e322c4b2"
"38aacaf4-75f4-4997-badf-cb1102bf50ab","system","2020-07-16 18:13:53.752","system","2020-07-16 18:13:53.752",8,2018,42020,4202,0,0,0,0,0,0,0,0,0,0,0,"55084321-7867-4d7d-b676-107287c76710"
"39031033-0b68-46eb-b267-69b52adc55b1","system","2020-07-16 18:13:53.752","system","2020-07-16 18:13:53.752",7,2018,44850,4485,0,0,0,0,0,0,0,0,0,0,0,"f78ca5ea-c94b-49b2-827d-7ca5e322c4b2"
"398852b0-8e04-44df-a827-df13d1e104e7","system","2020-07-16 18:13:53.752","system","2020-07-16 18:13:53.752",11,2017,35930,3593,0,0,0,0,0,0,0,0,0,0,0,"54982639-0e81-4694-a82d-002740f246da"
"3c4d2987-42c6-42ad-9f4f-ba9febad026a","system","2020-07-16 18:13:53.752","system","2020-07-16 18:13:53.752",10,2017,34650,3465,0,0,0,0,0,0,0,0,0,0,0,"54982639-0e81-4694-a82d-002740f246da"
"3c689a53-7cab-4339-a320-5423f25da15a","system","2020-10-14 23:39:33.299","system","2020-10-14 23:39:33.299",5,2015,0,222.88,0,0,0,0,0,0,0,0,0,0,0,NULL
"3cca47fd-10c4-444e-8063-5376d2dbd48a","system","2020-07-16 18:13:53.752","system","2020-07-16 18:13:53.752",3,2018,37760,3776,0,0,0,0,0,0,0,0,0,0,0,"b4bd475a-5c43-4e6c-90a2-0b8ffb19979c"
"3cd7ba6b-a844-40ee-b465-e9fa7d549dd6","system","2020-07-16 18:13:53.752","system","2020-07-16 18:13:53.752",2,2019,38670,3867,0,0,0,0,0,0,0,0,0,0,0,"b4bd475a-5c43-4e6c-90a2-0b8ffb19979c"
"3d4eb72d-d611-4377-8596-f35e2fdadad8","system","2020-07-16 18:13:53.752","system","2020-07-16 18:13:53.752",10,2019,38640,3864,0,0,0,0,0,0,0,0,0,0,0,"f78ca5ea-c94b-49b2-827d-7ca5e322c4b2"
"3dcb4fc0-2e44-4326-ab13-5cee03d985bd","system","2020-07-16 18:13:53.752","system","2020-07-16 18:13:53.752",10,2018,38750,3875,0,0,0,0,0,0,0,0,0,0,0,"f78ca5ea-c94b-49b2-827d-7ca5e322c4b2"
"3e381155-10d2-4242-9e9d-8ab5ed7b52d5","system","2020-07-16 18:13:53.752","system","2020-07-16 18:13:53.752",5,2017,37920,3792,0,0,0,0,0,0,0,0,0,0,0,"77a974c2-d179-4241-8095-faccf36ae8c2"
"417d569b-268c-4b44-9710-66c77271ed3f","system","2020-10-14 23:39:33.299","system","2020-10-14 23:39:33.299",10,2010,0,231.5,0,0,0,0,0,0,0,0,0,0,0,NULL
"4195cda9-714a-4c4c-b37d-59349d58da81","system","2020-10-14 23:39:33.299","system","2020-10-14 23:39:33.299",9,2016,0,185,0,0,0,0,0,0,0,0,0,0,0,NULL
"42f26fff-7396-491e-84aa-d06124aab84c","system","2020-07-16 18:13:53.752","system","2020-07-16 18:13:53.752",4,2019,34180,3418,0,0,0,0,0,0,0,0,0,0,0,"77a974c2-d179-4241-8095-faccf36ae8c2"
"436356e6-5eda-46be-8ce9-a74dfd9d9b23","system","2020-07-16 18:13:53.752","system","2020-07-16 18:13:53.752",5,2017,37920,3792,0,0,0,0,0,0,0,0,0,0,0,"f78ca5ea-c94b-49b2-827d-7ca5e322c4b2"
"43742cf0-bd2a-4fc3-8495-81d972847866","system","2020-07-16 18:13:53.752","system","2020-07-16 18:13:53.752",5,2018,46030,4603,0,0,0,0,0,0,0,0,0,0,0,"55084321-7867-4d7d-b676-107287c76710"
"43fca6cf-bfd7-44ea-9ad1-87d3f4fb900d","system","2020-07-16 18:13:53.752","system","2020-07-16 18:13:53.752",7,2017,41120,4112,0,0,0,0,0,0,0,0,0,0,0,"f78ca5ea-c94b-49b2-827d-7ca5e322c4b2"
"44bcc72d-42f1-4b61-a226-31afad38f140","system","2020-07-16 18:13:53.752","system","2020-07-16 18:13:53.752",8,2017,38650,3865,0,0,0,0,0,0,0,0,0,0,0,"f78ca5ea-c94b-49b2-827d-7ca5e322c4b2"
"46b87908-f950-4aa5-a717-35cbb0dafbab","system","2020-07-16 18:13:53.752","system","2020-07-16 18:13:53.752",1,2019,39630,3963,0,0,0,0,0,0,0,0,0,0,0,"b4bd475a-5c43-4e6c-90a2-0b8ffb19979c"
"46e217ae-0daf-4b98-aa50-ed18e74a1c46","system","2020-07-16 18:13:53.752","system","2020-07-16 18:13:53.752",7,2019,44100,4410,0,0,0,0,0,0,0,0,0,0,0,"54982639-0e81-4694-a82d-002740f246da"
"48f86c11-53f7-4b2e-8c6f-53ed9652db77","system","2020-07-16 18:13:53.752","system","2020-07-16 18:13:53.752",3,2019,30320,3032,0,0,0,0,0,0,0,0,0,0,0,"f78ca5ea-c94b-49b2-827d-7ca5e322c4b2"
"4905e4b7-57f1-4612-84da-51126fb1d7f9","system","2020-10-14 23:39:33.299","system","2020-10-14 23:39:33.299",2,2013,0,285.04,0,0,0,0,0,0,0,0,0,0,0,NULL
"491eb0ea-8520-4728-b627-dab0bad60b75","system","2020-10-14 23:39:33.299","system","2020-10-14 23:39:33.299",7,2013,0,303.92,0,0,0,0,0,0,0,0,0,0,0,NULL
"4a0ef667-2c1c-45fc-854d-d3286ff2b07d","system","2020-07-16 18:13:53.752","system","2020-07-16 18:13:53.752",10,2017,34650,3465,0,0,0,0,0,0,0,0,0,0,0,"55084321-7867-4d7d-b676-107287c76710"
"4bb958c0-e4ee-4bb2-8386-7293c7447075","system","2020-07-16 18:13:53.752","system","2020-07-16 18:13:53.752",5,2018,46030,4603,0,0,0,0,0,0,0,0,0,0,0,"f78ca5ea-c94b-49b2-827d-7ca5e322c4b2"
"4e7b96d4-ecd2-4ebb-a4ec-04a0ea57ea99","system","2020-10-14 23:39:33.299","system","2020-10-14 23:39:33.299",3,2014,0,202.5,0,0,0,0,0,0,0,0,0,0,0,NULL
"4e7ecb71-ad29-47ae-b1e0-b31a93d3aa10","system","2020-07-16 18:13:53.752","system","2020-07-16 18:13:53.752",2,2017,30710,3071,0,0,0,0,0,0,0,0,0,0,0,"77a974c2-d179-4241-8095-faccf36ae8c2"
"4f723720-ae22-4fc1-9987-9aba5a1904c3","system","2020-07-16 18:13:53.752","system","2020-07-16 18:13:53.752",2,2017,30710,3071,0,0,0,0,0,0,0,0,0,0,0,"54982639-0e81-4694-a82d-002740f246da"
"4f9e20af-df59-412c-ba08-7cf5579f3f62","system","2020-07-16 18:13:53.752","system","2020-07-16 18:13:53.752",10,2017,34650,3465,0,0,0,0,0,0,0,0,0,0,0,"f78ca5ea-c94b-49b2-827d-7ca5e322c4b2"
"503cb599-d380-475e-8e2d-6fb412cd271f","system","2020-07-16 18:13:53.752","system","2020-07-16 18:13:53.752",11,2018,39890,3989,0,0,0,0,0,0,0,0,0,0,0,"54982639-0e81-4694-a82d-002740f246da"
"50da30d3-7aa5-4160-ac3f-e5bd6709f985","system","2020-07-16 18:13:53.752","system","2020-07-16 18:13:53.752",1,2017,39460,3946,0,0,0,0,0,0,0,0,0,0,0,"b4bd475a-5c43-4e6c-90a2-0b8ffb19979c"
"5177474b-a093-4b36-92d7-c939ef0fe522","system","2020-07-16 18:13:53.752","system","2020-07-16 18:13:53.752",12,2018,29570,2957,0,0,0,0,0,0,0,0,0,0,0,"54982639-0e81-4694-a82d-002740f246da"
"528e6c73-47f0-4271-be13-b55dc2597621","system","2020-07-16 18:13:53.752","system","2020-07-16 18:13:53.752",3,2018,37760,3776,0,0,0,0,0,0,0,0,0,0,0,"54982639-0e81-4694-a82d-002740f246da"
"5383027a-ec18-494f-9660-1946eeab5428","system","2020-07-16 18:13:53.752","system","2020-07-16 18:13:53.752",3,2019,30320,3032,0,0,0,0,0,0,0,0,0,0,0,"55084321-7867-4d7d-b676-107287c76710"
"53f27a17-84a6-4397-9fc1-bf44feda2f23","system","2020-07-16 18:13:53.752","system","2020-07-16 18:13:53.752",9,2017,38680,3868,0,0,0,0,0,0,0,0,0,0,0,"55084321-7867-4d7d-b676-107287c76710"
"54474546-f2b0-46c6-8022-cbb7a8e2c949","system","2020-07-16 18:13:53.752","system","2020-07-16 18:13:53.752",11,2019,39520,3952,0,0,0,0,0,0,0,0,0,0,0,"41898bb2-578e-4de1-90d2-17d529c09342"
"54d821ff-9dd3-44d8-b956-3d9c501740db","system","2020-10-14 23:39:33.299","system","2020-10-14 23:39:33.299",4,2011,0,306.1,0,0,0,0,0,0,0,0,0,0,0,NULL
"557ef211-2a4b-4482-a6e5-e91f821e5ade","system","2020-07-16 18:13:53.752","system","2020-07-16 18:13:53.752",12,2017,31620,3162,0,0,0,0,0,0,0,0,0,0,0,"b4bd475a-5c43-4e6c-90a2-0b8ffb19979c"
"559b3f6a-95f2-4118-bd86-6a116613bebb","system","2020-07-16 18:13:53.752","system","2020-07-16 18:13:53.752",5,2019,46250,4625,0,0,0,0,0,0,0,0,0,0,0,"77a974c2-d179-4241-8095-faccf36ae8c2"
"55d3c3a7-ea1a-46d6-b81c-c8ccd60f793c","system","2020-07-16 18:13:53.752","system","2020-07-16 18:13:53.752",2,2017,30710,3071,0,0,0,0,0,0,0,0,0,0,0,"c307a9a5-fe80-4dac-82f5-10c99eae188c"
"560058d0-a6aa-4fe2-98ea-bbe78b783213","system","2020-07-16 18:13:53.752","system","2020-07-16 18:13:53.752",4,2018,36640,3664,0,0,0,0,0,0,0,0,0,0,0,"c307a9a5-fe80-4dac-82f5-10c99eae188c"
"563623f1-871a-43a5-bc4e-2ce5783cbc48","system","2020-07-16 18:13:53.752","system","2020-07-16 18:13:53.752",5,2019,46250,4625,0,0,0,0,0,0,0,0,0,0,0,"b4bd475a-5c43-4e6c-90a2-0b8ffb19979c"
"566ee728-9858-450e-a21e-7e8e3620aa3e","system","2020-07-16 18:13:53.752","system","2020-07-16 18:13:53.752",7,2017,41120,4112,0,0,0,0,0,0,0,0,0,0,0,"54982639-0e81-4694-a82d-002740f246da"
"57bf3aa0-a108-472c-ab5c-b35019ced869","system","2020-07-16 18:13:53.752","system","2020-07-16 18:13:53.752",10,2019,38640,3864,0,0,0,0,0,0,0,0,0,0,0,"54982639-0e81-4694-a82d-002740f246da"
"57f4f788-00a1-4fe5-a8a6-b4bda6549d24","system","2020-10-14 23:39:33.299","system","2020-10-14 23:39:33.299",1,2016,0,183,0,0,0,0,0,0,0,0,0,0,0,NULL
"585189ef-4095-415e-be2b-284413107c01","system","2020-07-16 18:13:53.752","system","2020-07-16 18:13:53.752",4,2018,36640,3664,0,0,0,0,0,0,0,0,0,0,0,"55084321-7867-4d7d-b676-107287c76710"
"58877e54-e88e-4579-9308-de452f31752b","system","2020-10-14 23:39:33.299","system","2020-10-14 23:39:33.299",9,2010,0,235.28,0,0,0,0,0,0,0,0,0,0,0,NULL
"5891ec5b-ca48-4d7e-8967-710488314d9d","system","2020-10-14 23:39:33.299","system","2020-10-14 23:39:33.299",10,2015,0,173,0,0,0,0,0,0,0,0,0,0,0,NULL
"59131f2b-68ad-4456-ab18-2fdaeefd9f9b","system","2020-07-16 18:13:53.752","system","2020-07-16 18:13:53.752",12,2019,30100,3010,0,0,0,0,0,0,0,0,0,0,0,"55084321-7867-4d7d-b676-107287c76710"
"594ed15f-d85c-4cce-9bd6-1b942e2261e9","system","2020-07-16 18:13:53.752","system","2020-07-16 18:13:53.752",1,2017,39460,3946,0,0,0,0,0,0,0,0,0,0,0,"f78ca5ea-c94b-49b2-827d-7ca5e322c4b2"
"59610cd3-5687-48de-a2ee-fdeeaba116c5","system","2020-10-14 23:39:33.299","system","2020-10-14 23:39:33.299",3,2015,0,222.88,0,0,0,0,0,0,0,0,0,0,0,NULL
"59620c12-ba3a-42ec-b8b0-008c69d57c78","system","2020-07-16 18:13:53.752","system","2020-07-16 18:13:53.752",12,2019,30100,3010,0,0,0,0,0,0,0,0,0,0,0,"f78ca5ea-c94b-49b2-827d-7ca5e322c4b2"
"5ab47682-ce94-4704-a248-3ce72c6f2dd7","system","2020-07-16 18:13:53.752","system","2020-07-16 18:13:53.752",9,2018,42020,4202,0,0,0,0,0,0,0,0,0,0,0,"c307a9a5-fe80-4dac-82f5-10c99eae188c"
"5c632aa9-d7d5-4f14-910d-9fd2c76b8bbe","system","2020-07-16 18:13:53.752","system","2020-07-16 18:13:53.752",8,2019,42090,4209,0,0,0,0,0,0,0,0,0,0,0,"c307a9a5-fe80-4dac-82f5-10c99eae188c"
"5cea56b1-6a2c-47fa-a6bc-b65d784398d1","system","2020-07-16 18:13:53.752","system","2020-07-16 18:13:53.752",4,2018,36640,3664,0,0,0,0,0,0,0,0,0,0,0,"b4bd475a-5c43-4e6c-90a2-0b8ffb19979c"
"5cf18d1c-72b5-4fb4-ab2d-ab3dff83f35a","system","2020-07-16 18:13:53.752","system","2020-07-16 18:13:53.752",11,2018,39890,3989,0,0,0,0,0,0,0,0,0,0,0,"77a974c2-d179-4241-8095-faccf36ae8c2"
"5dbae979-a634-46c9-b967-4eb12ae3762c","system","2020-07-16 18:13:53.752","system","2020-07-16 18:13:53.752",11,2017,35930,3593,0,0,0,0,0,0,0,0,0,0,0,"77a974c2-d179-4241-8095-faccf36ae8c2"
"5f221fee-18c0-4408-9ec1-f7b12da70f56","system","2020-10-14 23:39:33.299","system","2020-10-14 23:39:33.299",7,2015,0,361,0,0,0,0,0,0,0,0,0,0,0,NULL
"61aeff43-fab5-4475-960e-dd5280d3fec6","system","2020-07-16 18:13:53.752","system","2020-07-16 18:13:53.752",1,2017,39460,3946,0,0,0,0,0,0,0,0,0,0,0,"55084321-7867-4d7d-b676-107287c76710"
"627555f3-5dc7-4ac1-ba52-48de99b73709","system","2020-07-16 18:13:53.752","system","2020-07-16 18:13:53.752",12,2019,30100,3010,0,0,0,0,0,0,0,0,0,0,0,"41898bb2-578e-4de1-90d2-17d529c09342"
"62d4f191-f4cf-47f5-91be-de0ec23a14ff","system","2020-10-14 23:39:33.299","system","2020-10-14 23:39:33.299",4,2012,0,306.1,0,0,0,0,0,0,0,0,0,0,0,NULL
"62e9b5a9-9fe4-4be3-bc28-828acc31e3df","system","2020-10-14 23:39:33.299","system","2020-10-14 23:39:33.299",9,2012,0,252.02,0,0,0,0,0,0,0,0,0,0,0,NULL
"6307c4ea-edfd-44e9-b918-64da60cf00ed","system","2020-07-16 18:13:53.752","system","2020-07-16 18:13:53.752",5,2018,46030,4603,0,0,0,0,0,0,0,0,0,0,0,"41898bb2-578e-4de1-90d2-17d529c09342"
"63ebbf25-8271-4594-a6c2-689a60a836d3","system","2020-10-14 23:39:33.299","system","2020-10-14 23:39:33.299",10,2011,0,231.5,0,0,0,0,0,0,0,0,0,0,0,NULL
"64348bb4-dd8b-40c7-8f34-2dd5595e092a","system","2020-07-16 18:13:53.752","system","2020-07-16 18:13:53.752",3,2017,35440,3544,0,0,0,0,0,0,0,0,0,0,0,"f78ca5ea-c94b-49b2-827d-7ca5e322c4b2"
"65a485f6-02d2-4773-8723-0d487aa03714","system","2020-07-16 18:13:53.752","system","2020-07-16 18:13:53.752",7,2017,41120,4112,0,0,0,0,0,0,0,0,0,0,0,"77a974c2-d179-4241-8095-faccf36ae8c2"
"67b98569-5222-410a-bd76-1008967f4fe7","system","2020-07-16 18:13:53.752","system","2020-07-16 18:13:53.752",10,2018,38750,3875,0,0,0,0,0,0,0,0,0,0,0,"55084321-7867-4d7d-b676-107287c76710"
"6849a287-f2e5-42b8-811b-cddb26dda4fa","system","2020-07-16 18:13:53.752","system","2020-07-16 18:13:53.752",11,2018,39890,3989,0,0,0,0,0,0,0,0,0,0,0,"b4bd475a-5c43-4e6c-90a2-0b8ffb19979c"
"68a26662-ac86-4e53-929d-8adc6003439e","system","2020-07-16 18:13:53.752","system","2020-07-16 18:13:53.752",9,2019,42920,4292,0,0,0,0,0,0,0,0,0,0,0,"c307a9a5-fe80-4dac-82f5-10c99eae188c"
"6950fec7-ae33-427c-aa23-648701cfcd91","system","2020-10-14 23:39:33.299","system","2020-10-14 23:39:33.299",1,2014,0,202.5,0,0,0,0,0,0,0,0,0,0,0,NULL
"6a22dd4b-b067-4289-86bb-f8fae54b7296","system","2020-10-14 23:39:33.299","system","2020-10-14 23:39:33.299",5,2012,0,315.11,0,0,0,0,0,0,0,0,0,0,0,NULL
"6af8bff5-4359-4cec-b34a-57b2327549a1","system","2020-10-14 23:39:33.299","system","2020-10-14 23:39:33.299",3,2016,0,196,0,0,0,0,0,0,0,0,0,0,0,NULL
"6b74d08b-ca81-4605-99f8-da7d224cc84f","system","2020-07-16 18:13:53.752","system","2020-07-16 18:13:53.752",6,2018,46030,4603,0,0,0,0,0,0,0,0,0,0,0,"c307a9a5-fe80-4dac-82f5-10c99eae188c"
"6bd1c081-c980-412d-bca3-ac01a92a8eef","system","2020-07-16 18:13:53.752","system","2020-07-16 18:13:53.752",8,2017,38650,3865,0,0,0,0,0,0,0,0,0,0,0,"41898bb2-578e-4de1-90d2-17d529c09342"
"6f9b1a88-e8f0-4843-9e52-013682b88a87","system","2020-07-16 18:13:53.752","system","2020-07-16 18:13:53.752",2,2019,38670,3867,0,0,0,0,0,0,0,0,0,0,0,"41898bb2-578e-4de1-90d2-17d529c09342"
"717520a3-f777-4c22-96b2-52f1f0f440a3","system","2020-10-14 23:39:33.299","system","2020-10-14 23:39:33.299",1,2011,0,295.46,0,0,0,0,0,0,0,0,0,0,0,NULL
"71c7cbc1-62a4-4597-8f3d-2da704fd9ccc","system","2020-10-14 23:39:33.299","system","2020-10-14 23:39:33.299",3,2011,0,316.33,0,0,0,0,0,0,0,0,0,0,0,NULL
"720db16f-b574-4c51-8225-25ee87ac903a","system","2020-10-14 23:39:33.299","system","2020-10-14 23:39:33.299",4,2014,0,202.5,0,0,0,0,0,0,0,0,0,0,0,NULL
"729f7642-6038-43b2-bbf1-2c3b61f740d3","system","2020-10-14 23:39:33.299","system","2020-10-14 23:39:33.299",8,2016,0,185,0,0,0,0,0,0,0,0,0,0,0,NULL
"73264892-2fe4-4871-aa66-20225f14a04d","system","2020-07-16 18:13:53.752","system","2020-07-16 18:13:53.752",5,2019,46250,4625,0,0,0,0,0,0,0,0,0,0,0,"55084321-7867-4d7d-b676-107287c76710"
"741022d0-7d1b-41ac-89b7-6ceec918c816","system","2020-10-14 23:39:33.299","system","2020-10-14 23:39:33.299",11,2016,0,185,0,0,0,0,0,0,0,0,0,0,0,NULL
"745320a3-f6e3-46f2-9245-1e5c9ed9ec98","system","2020-07-16 18:13:53.752","system","2020-07-16 18:13:53.752",7,2019,44100,4410,0,0,0,0,0,0,0,0,0,0,0,"77a974c2-d179-4241-8095-faccf36ae8c2"
"7531e527-d078-4f09-8878-c02415cd5728","system","2020-10-14 23:39:33.299","system","2020-10-14 23:39:33.299",11,2012,0,285.94,0,0,0,0,0,0,0,0,0,0,0,NULL
"782e3bd9-8826-4065-9332-12cf9b49b9c1","system","2020-07-16 18:13:53.752","system","2020-07-16 18:13:53.752",12,2019,30100,3010,0,0,0,0,0,0,0,0,0,0,0,"c307a9a5-fe80-4dac-82f5-10c99eae188c"
"78b7e3fa-34b7-4aca-9795-04545ec1fa24","system","2020-10-14 23:39:33.299","system","2020-10-14 23:39:33.299",11,2010,0,231.5,0,0,0,0,0,0,0,0,0,0,0,NULL
"7a27e8de-f7f3-44c0-8f41-bda258b03673","system","2020-10-14 23:39:33.299","system","2020-10-14 23:39:33.299",1,2015,0,222.88,0,0,0,0,0,0,0,0,0,0,0,NULL
"7b50945b-f982-4817-8bea-9a437818a5be","system","2020-07-16 18:13:53.752","system","2020-07-16 18:13:53.752",3,2018,37760,3776,0,0,0,0,0,0,0,0,0,0,0,"77a974c2-d179-4241-8095-faccf36ae8c2"
"7bb8fa84-4dcd-435c-8733-1d0ba60c8960","system","2020-07-16 18:13:53.752","system","2020-07-16 18:13:53.752",6,2019,46330,4633,0,0,0,0,0,0,0,0,0,0,0,"41898bb2-578e-4de1-90d2-17d529c09342"
"7c1d177e-9571-49d0-ad7d-c92a60f55bba","system","2020-10-14 23:39:33.299","system","2020-10-14 23:39:33.299",1,2012,0,295.46,0,0,0,0,0,0,0,0,0,0,0,NULL
"7c947d59-a3a2-49b0-a3af-c1f0dc933118","system","2020-07-16 18:13:53.752","system","2020-07-16 18:13:53.752",6,2019,46330,4633,0,0,0,0,0,0,0,0,0,0,0,"b4bd475a-5c43-4e6c-90a2-0b8ffb19979c"
"7ce815d6-d73c-4c32-9260-fe21f645c19c","system","2020-07-16 18:13:53.752","system","2020-07-16 18:13:53.752",12,2017,31620,3162,0,0,0,0,0,0,0,0,0,0,0,"55084321-7867-4d7d-b676-107287c76710"
"7decc7a8-7c16-4e20-9645-dd8ff913125c","system","2020-07-16 18:13:53.752","system","2020-07-16 18:13:53.752",12,2018,29570,2957,0,0,0,0,0,0,0,0,0,0,0,"f78ca5ea-c94b-49b2-827d-7ca5e322c4b2"
"7e5f6a5a-7fda-4bcd-b6f7-3dba601e5f42","system","2020-07-16 18:13:53.752","system","2020-07-16 18:13:53.752",7,2018,44850,4485,0,0,0,0,0,0,0,0,0,0,0,"55084321-7867-4d7d-b676-107287c76710"
"8057daf1-0ccf-48ed-9c3f-a32d128595fb","system","2020-07-16 18:13:53.752","system","2020-07-16 18:13:53.752",2,2019,38670,3867,0,0,0,0,0,0,0,0,0,0,0,"54982639-0e81-4694-a82d-002740f246da"
"809e5056-6a37-4e8e-8b9b-074b4b98fb0d","system","2020-07-16 18:13:53.752","system","2020-07-16 18:13:53.752",4,2019,34180,3418,0,0,0,0,0,0,0,0,0,0,0,"f78ca5ea-c94b-49b2-827d-7ca5e322c4b2"
"82951316-b0b1-402e-bf40-dbeeaa535611","system","2020-07-16 18:13:53.752","system","2020-07-16 18:13:53.752",10,2018,38750,3875,0,0,0,0,0,0,0,0,0,0,0,"54982639-0e81-4694-a82d-002740f246da"
"84053976-ccc8-406e-8e60-9f15dc75be70","system","2020-07-16 18:13:53.752","system","2020-07-16 18:13:53.752",9,2017,38680,3868,0,0,0,0,0,0,0,0,0,0,0,"41898bb2-578e-4de1-90d2-17d529c09342"
"84a0cdc0-832c-4126-a438-893baf7a1750","system","2020-10-14 23:39:33.299","system","2020-10-14 23:39:33.299",6,2014,0,232.25,0,0,0,0,0,0,0,0,0,0,0,NULL
"85c51c90-356e-4d0c-8519-1c2323607465","system","2020-10-14 23:39:33.299","system","2020-10-14 23:39:33.299",8,2010,0,303.92,0,0,0,0,0,0,0,0,0,0,0,NULL
"866e6cc6-0c3b-4f90-b061-a6915efe99d0","system","2020-10-14 23:39:33.299","system","2020-10-14 23:39:33.299",4,2016,0,203,0,0,0,0,0,0,0,0,0,0,0,NULL
"888d2875-6993-42a0-8ab9-6c28645cfc11","system","2020-07-16 18:13:53.752","system","2020-07-16 18:13:53.752",6,2017,45210,4521,0,0,0,0,0,0,0,0,0,0,0,"55084321-7867-4d7d-b676-107287c76710"
"8bfa501c-d349-4de4-af8e-e7072c75f00b","system","2020-07-16 18:13:53.752","system","2020-07-16 18:13:53.752",4,2018,36640,3664,0,0,0,0,0,0,0,0,0,0,0,"41898bb2-578e-4de1-90d2-17d529c09342"
"8f4a5d61-d6d6-4d82-8405-03e5f322b216","system","2020-07-16 18:13:53.752","system","2020-07-16 18:13:53.752",11,2018,39890,3989,0,0,0,0,0,0,0,0,0,0,0,"55084321-7867-4d7d-b676-107287c76710"
"8fa9ff0a-ab1b-4b8a-9f9e-091337b8e168","system","2020-10-14 23:39:33.299","system","2020-10-14 23:39:33.299",6,2013,0,294.13,0,0,0,0,0,0,0,0,0,0,0,NULL
"8fd05ad7-cca0-4f1f-bc70-42040148cc1d","system","2020-07-16 18:13:53.752","system","2020-07-16 18:13:53.752",7,2018,44850,4485,0,0,0,0,0,0,0,0,0,0,0,"54982639-0e81-4694-a82d-002740f246da"
"90c0c3ad-756b-4e0f-b6af-869ea3fbad7e","system","2020-07-16 18:13:53.752","system","2020-07-16 18:13:53.752",7,2017,41120,4112,0,0,0,0,0,0,0,0,0,0,0,"55084321-7867-4d7d-b676-107287c76710"
"9190e17e-3328-40e8-86a7-6e0a85ed64b2","system","2020-07-16 18:13:53.752","system","2020-07-16 18:13:53.752",7,2019,44100,4410,0,0,0,0,0,0,0,0,0,0,0,"55084321-7867-4d7d-b676-107287c76710"
"91b0aadc-c132-42bc-8f1f-8e8c6ce2992d","system","2020-07-16 18:13:53.752","system","2020-07-16 18:13:53.752",5,2017,37920,3792,0,0,0,0,0,0,0,0,0,0,0,"55084321-7867-4d7d-b676-107287c76710"
"927e578b-6b80-4ae7-ac3c-f41b64239b31","system","2020-07-16 18:13:53.752","system","2020-07-16 18:13:53.752",3,2017,35440,3544,0,0,0,0,0,0,0,0,0,0,0,"55084321-7867-4d7d-b676-107287c76710"
"9329df24-9e7a-41cc-92b0-e6bc9ab9a633","system","2020-07-16 18:13:53.752","system","2020-07-16 18:13:53.752",1,2017,39460,3946,0,0,0,0,0,0,0,0,0,0,0,"c307a9a5-fe80-4dac-82f5-10c99eae188c"
"937be0d3-fd78-4a68-97d1-90b8bc30c273","system","2020-07-16 18:13:53.752","system","2020-07-16 18:13:53.752",2,2018,36950,3695,0,0,0,0,0,0,0,0,0,0,0,"77a974c2-d179-4241-8095-faccf36ae8c2"
"94a1791a-764f-4104-a34d-84e707bcd5fa","system","2020-07-16 18:13:53.752","system","2020-07-16 18:13:53.752",12,2018,29570,2957,0,0,0,0,0,0,0,0,0,0,0,"41898bb2-578e-4de1-90d2-17d529c09342"
"94c45aa4-4189-4353-8a1a-c784386d9fad","system","2020-07-16 18:13:53.752","system","2020-07-16 18:13:53.752",1,2018,40920,4092,0,0,0,0,0,0,0,0,0,0,0,"41898bb2-578e-4de1-90d2-17d529c09342"
"950fa8d3-a361-4f70-a78e-a06da961133d","system","2020-07-16 18:13:53.752","system","2020-07-16 18:13:53.752",11,2018,39890,3989,0,0,0,0,0,0,0,0,0,0,0,"f78ca5ea-c94b-49b2-827d-7ca5e322c4b2"
"9584e2e2-a5f0-4d2b-9c2d-43fa2f600107","system","2020-07-16 18:13:53.752","system","2020-07-16 18:13:53.752",9,2018,42020,4202,0,0,0,0,0,0,0,0,0,0,0,"55084321-7867-4d7d-b676-107287c76710"
"958e9138-5f61-4779-92ca-1f4f4c5be0c5","system","2020-10-14 23:39:33.299","system","2020-10-14 23:39:33.299",2,2012,0,285.04,0,0,0,0,0,0,0,0,0,0,0,NULL
"971ea938-3d3c-4070-af9a-552f0d430ec3","system","2020-10-14 23:39:33.299","system","2020-10-14 23:39:33.299",10,2016,0,185,0,0,0,0,0,0,0,0,0,0,0,NULL
"97281586-d9e6-4c87-8582-72d71ffbe102","system","2020-07-16 18:13:53.752","system","2020-07-16 18:13:53.752",6,2017,45210,4521,0,0,0,0,0,0,0,0,0,0,0,"77a974c2-d179-4241-8095-faccf36ae8c2"
"99910952-bdb0-46df-bca6-2eee03ed8f15","system","2020-07-16 18:13:53.752","system","2020-07-16 18:13:53.752",7,2018,44850,4485,0,0,0,0,0,0,0,0,0,0,0,"41898bb2-578e-4de1-90d2-17d529c09342"
"9a46d8ab-e422-4ba3-bcdb-3e9bbc2713f1","system","2020-07-16 18:13:53.752","system","2020-07-16 18:13:53.752",6,2018,46030,4603,0,0,0,0,0,0,0,0,0,0,0,"55084321-7867-4d7d-b676-107287c76710"
"9b280fc1-155e-48f7-ab46-828b619446e5","system","2020-07-16 18:13:53.752","system","2020-07-16 18:13:53.752",2,2017,30710,3071,0,0,0,0,0,0,0,0,0,0,0,"41898bb2-578e-4de1-90d2-17d529c09342"
"9bc7cd38-6cbc-4009-92df-d93d6e2147da","system","2020-07-16 18:13:53.752","system","2020-07-16 18:13:53.752",12,2017,31620,3162,0,0,0,0,0,0,0,0,0,0,0,"c307a9a5-fe80-4dac-82f5-10c99eae188c"
"9bf94338-fda4-449e-9c84-30321168f678","system","2020-07-16 18:13:53.752","system","2020-07-16 18:13:53.752",1,2018,40920,4092,0,0,0,0,0,0,0,0,0,0,0,"54982639-0e81-4694-a82d-002740f246da"
"9cef560f-976f-46a1-9d4b-60cc34ed7041","system","2020-07-16 18:13:53.752","system","2020-07-16 18:13:53.752",8,2019,42090,4209,0,0,0,0,0,0,0,0,0,0,0,"55084321-7867-4d7d-b676-107287c76710"
"9e2cb617-42c9-49a3-8432-0fbdbfc08528","system","2020-10-14 23:39:33.299","system","2020-10-14 23:39:33.299",5,2011,0,315.11,0,0,0,0,0,0,0,0,0,0,0,NULL
"9e67f397-96a8-4446-8275-3307526293c3","system","2020-07-16 18:13:53.752","system","2020-07-16 18:13:53.752",2,2018,36950,3695,0,0,0,0,0,0,0,0,0,0,0,"54982639-0e81-4694-a82d-002740f246da"
"9f708ef7-130f-43cd-ba50-f86236c56abd","system","2020-07-16 18:13:53.752","system","2020-07-16 18:13:53.752",7,2019,44100,4410,0,0,0,0,0,0,0,0,0,0,0,"b4bd475a-5c43-4e6c-90a2-0b8ffb19979c"
"9faeb896-c3e1-48fd-9578-41934daf8dc2","system","2020-07-16 18:13:53.752","system","2020-07-16 18:13:53.752",11,2019,39520,3952,0,0,0,0,0,0,0,0,0,0,0,"c307a9a5-fe80-4dac-82f5-10c99eae188c"
"a018ce55-3efd-412f-bcc3-fd2adb6c1478","system","2020-07-16 18:13:53.752","system","2020-07-16 18:13:53.752",7,2018,44850,4485,0,0,0,0,0,0,0,0,0,0,0,"c307a9a5-fe80-4dac-82f5-10c99eae188c"
"a01b0b91-0916-4441-82ce-1c3a20afa13a","system","2020-10-14 23:39:33.299","system","2020-10-14 23:39:33.299",11,2011,0,231.5,0,0,0,0,0,0,0,0,0,0,0,NULL
"a03d2033-87c5-4b7e-9ddf-e833534735a3","system","2020-07-16 18:13:53.752","system","2020-07-16 18:13:53.752",7,2017,41120,4112,0,0,0,0,0,0,0,0,0,0,0,"c307a9a5-fe80-4dac-82f5-10c99eae188c"
"a14b5875-e88b-4761-bad6-f9beab042744","system","2020-07-16 18:13:53.752","system","2020-07-16 18:13:53.752",5,2019,46250,4625,0,0,0,0,0,0,0,0,0,0,0,"41898bb2-578e-4de1-90d2-17d529c09342"
"a17d0cda-21e8-4079-b5fc-c1a266b8f88f","system","2020-07-16 18:13:53.752","system","2020-07-16 18:13:53.752",4,2018,36640,3664,0,0,0,0,0,0,0,0,0,0,0,"77a974c2-d179-4241-8095-faccf36ae8c2"
"a2d7da2c-f5fd-465a-a6de-c8097dfbccd3","system","2020-10-14 23:39:33.299","system","2020-10-14 23:39:33.299",3,2012,0,316.33,0,0,0,0,0,0,0,0,0,0,0,NULL
"a2f243e7-9a97-44a2-adb5-ee97454836ed","system","2020-10-14 23:39:33.299","system","2020-10-14 23:39:33.299",2,2016,0,203,0,0,0,0,0,0,0,0,0,0,0,NULL
"a30cbbf4-2846-42b2-9147-144677742e72","system","2020-07-16 18:13:53.752","system","2020-07-16 18:13:53.752",2,2017,30710,3071,0,0,0,0,0,0,0,0,0,0,0,"b4bd475a-5c43-4e6c-90a2-0b8ffb19979c"
"a32eb1ab-0a49-42bd-b839-6f88bd7cd021","system","2020-07-16 18:13:53.752","system","2020-07-16 18:13:53.752",3,2019,30320,3032,0,0,0,0,0,0,0,0,0,0,0,"c307a9a5-fe80-4dac-82f5-10c99eae188c"
"a38168aa-eeac-4002-ab51-68a35824afac","system","2020-10-14 23:39:33.299","system","2020-10-14 23:39:33.299",0,2012,0,295.46,0,0,0,0,0,0,0,0,0,0,0,NULL
"a3e89b40-5abe-4d31-a49a-32941ae3cbd7","system","2020-07-16 18:13:53.752","system","2020-07-16 18:13:53.752",4,2019,34180,3418,0,0,0,0,0,0,0,0,0,0,0,"b4bd475a-5c43-4e6c-90a2-0b8ffb19979c"
"a407f5ac-1ed5-4fdb-8532-2d47a74bf90a","system","2020-07-16 18:13:53.752","system","2020-07-16 18:13:53.752",4,2017,40150,4015,0,0,0,0,0,0,0,0,0,0,0,"41898bb2-578e-4de1-90d2-17d529c09342"
"a4463afb-6b61-4548-a903-566095879652","system","2020-07-16 18:13:53.752","system","2020-07-16 18:13:53.752",9,2019,42920,4292,0,0,0,0,0,0,0,0,0,0,0,"f78ca5ea-c94b-49b2-827d-7ca5e322c4b2"
"a4f5cca0-9cbe-4b11-a7dd-f27db6e30a8e","system","2020-07-16 18:13:53.752","system","2020-07-16 18:13:53.752",9,2019,42920,4292,0,0,0,0,0,0,0,0,0,0,0,"54982639-0e81-4694-a82d-002740f246da"
"a53d7776-8263-4ea5-ad5e-e4dc27ae7812","system","2020-07-16 18:13:53.752","system","2020-07-16 18:13:53.752",6,2017,45210,4521,0,0,0,0,0,0,0,0,0,0,0,"c307a9a5-fe80-4dac-82f5-10c99eae188c"
"a60c4978-f490-47b1-96c7-6a18dc69c84b","system","2020-10-14 23:39:33.299","system","2020-10-14 23:39:33.299",2,2014,0,202.5,0,0,0,0,0,0,0,0,0,0,0,NULL
"a7c07da8-e337-46d2-a709-802642990c25","system","2020-07-16 18:13:53.752","system","2020-07-16 18:13:53.752",12,2017,31620,3162,0,0,0,0,0,0,0,0,0,0,0,"41898bb2-578e-4de1-90d2-17d529c09342"
"a84fc7e0-e14d-4384-b86b-17f6a7d7cc90","system","2020-07-16 18:13:53.752","system","2020-07-16 18:13:53.752",12,2017,31620,3162,0,0,0,0,0,0,0,0,0,0,0,"54982639-0e81-4694-a82d-002740f246da"
"a910da5e-016e-4f7c-a5cf-4fdefe7eae20","system","2020-07-16 18:13:53.752","system","2020-07-16 18:13:53.752",8,2019,42090,4209,0,0,0,0,0,0,0,0,0,0,0,"54982639-0e81-4694-a82d-002740f246da"
"a93cd55b-4e1e-40a0-a62f-0a5ebdc9df5c","system","2020-10-14 23:39:33.299","system","2020-10-14 23:39:33.299",6,2010,0,294.13,0,0,0,0,0,0,0,0,0,0,0,NULL
"aa5b4b32-e75f-49b4-bd62-fa8f824cb46b","system","2020-07-16 18:13:53.752","system","2020-07-16 18:13:53.752",2,2018,36950,3695,0,0,0,0,0,0,0,0,0,0,0,"c307a9a5-fe80-4dac-82f5-10c99eae188c"
"aaaa35b9-c9fa-4bb5-bf49-36419479a2ae","system","2020-07-16 18:13:53.752","system","2020-07-16 18:13:53.752",6,2017,45210,4521,0,0,0,0,0,0,0,0,0,0,0,"f78ca5ea-c94b-49b2-827d-7ca5e322c4b2"
"abbca913-5eb3-4a89-9b9f-5d979c62fa52","system","2020-07-16 18:13:53.752","system","2020-07-16 18:13:53.752",3,2017,35440,3544,0,0,0,0,0,0,0,0,0,0,0,"41898bb2-578e-4de1-90d2-17d529c09342"
"ac71e8d1-359e-4a42-a1b5-d9acc72c6fe2","system","2020-07-16 18:13:53.752","system","2020-07-16 18:13:53.752",3,2019,30320,3032,0,0,0,0,0,0,0,0,0,0,0,"b4bd475a-5c43-4e6c-90a2-0b8ffb19979c"
"ad1fbd43-627f-40ac-b434-e2593076b701","system","2020-07-16 18:13:53.752","system","2020-07-16 18:13:53.752",6,2017,45210,4521,0,0,0,0,0,0,0,0,0,0,0,"b4bd475a-5c43-4e6c-90a2-0b8ffb19979c"
"ad2f9b23-4b94-42d0-9811-d539476ba9fc","system","2020-07-16 18:13:53.752","system","2020-07-16 18:13:53.752",7,2018,44850,4485,0,0,0,0,0,0,0,0,0,0,0,"77a974c2-d179-4241-8095-faccf36ae8c2"
"adca82e5-1ec6-493f-bdf0-7576320fd36e","system","2020-07-16 18:13:53.752","system","2020-07-16 18:13:53.752",5,2018,46030,4603,0,0,0,0,0,0,0,0,0,0,0,"54982639-0e81-4694-a82d-002740f246da"
"ae6c27ff-4331-4b73-b97f-8f8163117131","system","2020-07-16 18:13:53.752","system","2020-07-16 18:13:53.752",8,2017,38650,3865,0,0,0,0,0,0,0,0,0,0,0,"54982639-0e81-4694-a82d-002740f246da"
"ae70d1de-55c8-4b06-b8be-69d516a02a2a","system","2020-07-16 18:13:53.752","system","2020-07-16 18:13:53.752",6,2018,46030,4603,0,0,0,0,0,0,0,0,0,0,0,"41898bb2-578e-4de1-90d2-17d529c09342"
"af35104e-e6cd-4cb7-bf7a-07e1122bc61c","system","2020-10-14 23:39:33.299","system","2020-10-14 23:39:33.299",8,2014,0,232.25,0,0,0,0,0,0,0,0,0,0,0,NULL
"af9ff809-9c78-413a-8a77-a5a0d63bfcbc","system","2020-07-16 18:13:53.752","system","2020-07-16 18:13:53.752",3,2019,30320,3032,0,0,0,0,0,0,0,0,0,0,0,"77a974c2-d179-4241-8095-faccf36ae8c2"
"afccf0bb-ece0-409c-9de1-478142b56a88","system","2020-07-16 18:13:53.752","system","2020-07-16 18:13:53.752",4,2018,36640,3664,0,0,0,0,0,0,0,0,0,0,0,"f78ca5ea-c94b-49b2-827d-7ca5e322c4b2"
"b01b8b50-c797-4963-814d-77b7bce1ceb2","system","2020-10-14 23:39:33.299","system","2020-10-14 23:39:33.299",2,2010,0,285.04,0,0,0,0,0,0,0,0,0,0,0,NULL
"b05e4cd4-17c4-4b70-b338-3a94bee094d4","system","2020-10-14 23:39:33.299","system","2020-10-14 23:39:33.299",6,2011,0,294.13,0,0,0,0,0,0,0,0,0,0,0,NULL
"b0f65071-9b9b-4f8d-9fa2-9cbb8c6df643","system","2020-07-16 18:13:53.752","system","2020-07-16 18:13:53.752",7,2019,44100,4410,0,0,0,0,0,0,0,0,0,0,0,"c307a9a5-fe80-4dac-82f5-10c99eae188c"
"b161c8bd-d21b-4858-aaaf-089718d236b9","system","2020-07-16 18:13:53.752","system","2020-07-16 18:13:53.752",3,2017,35440,3544,0,0,0,0,0,0,0,0,0,0,0,"c307a9a5-fe80-4dac-82f5-10c99eae188c"
"b2e074eb-c669-4fe9-8539-eb35f5697401","system","2020-07-16 18:13:53.752","system","2020-07-16 18:13:53.752",9,2017,38680,3868,0,0,0,0,0,0,0,0,0,0,0,"b4bd475a-5c43-4e6c-90a2-0b8ffb19979c"
"b4344bdd-0a71-4b77-9add-6d737b642270","system","2020-07-16 18:13:53.752","system","2020-07-16 18:13:53.752",9,2017,38680,3868,0,0,0,0,0,0,0,0,0,0,0,"f78ca5ea-c94b-49b2-827d-7ca5e322c4b2"
"b45c3628-3eff-45b8-a6f7-adb900489fe0","system","2020-07-16 18:13:53.752","system","2020-07-16 18:13:53.752",2,2018,36950,3695,0,0,0,0,0,0,0,0,0,0,0,"b4bd475a-5c43-4e6c-90a2-0b8ffb19979c"
"b495fd07-14db-4a5e-a848-a5c68256633f","system","2020-07-16 18:13:53.752","system","2020-07-16 18:13:53.752",10,2019,38640,3864,0,0,0,0,0,0,0,0,0,0,0,"55084321-7867-4d7d-b676-107287c76710"
"b60b7aa8-5d48-407e-85fc-c0ee6c7a2b5d","system","2020-07-16 18:13:53.752","system","2020-07-16 18:13:53.752",6,2018,46030,4603,0,0,0,0,0,0,0,0,0,0,0,"f78ca5ea-c94b-49b2-827d-7ca5e322c4b2"
"b65e7d12-d312-44e6-98ec-b1359055d6dc","system","2020-07-16 18:13:53.752","system","2020-07-16 18:13:53.752",10,2018,38750,3875,0,0,0,0,0,0,0,0,0,0,0,"41898bb2-578e-4de1-90d2-17d529c09342"
"b6ef310d-5928-4893-a622-8aa1af47f49b","system","2020-07-16 18:13:53.752","system","2020-07-16 18:13:53.752",11,2019,39520,3952,0,0,0,0,0,0,0,0,0,0,0,"b4bd475a-5c43-4e6c-90a2-0b8ffb19979c"
"b80b9e01-0de5-471f-9bda-c6e36a0584dd","system","2020-07-16 18:13:53.752","system","2020-07-16 18:13:53.752",5,2018,46030,4603,0,0,0,0,0,0,0,0,0,0,0,"77a974c2-d179-4241-8095-faccf36ae8c2"
"b814cf3e-d698-48f4-8a22-52b88d46bab2","system","2020-10-14 23:39:33.299","system","2020-10-14 23:39:33.299",6,2015,0,222.88,0,0,0,0,0,0,0,0,0,0,0,NULL
"b9a76291-90fd-4fa8-acc9-bcbeb72d7462","system","2020-10-14 23:39:33.299","system","2020-10-14 23:39:33.299",0,2016,0,179,0,0,0,0,0,0,0,0,0,0,0,NULL
"b9f29967-6ccb-49ea-b101-39e15874b340","system","2020-07-16 18:13:53.752","system","2020-07-16 18:13:53.752",10,2017,34650,3465,0,0,0,0,0,0,0,0,0,0,0,"77a974c2-d179-4241-8095-faccf36ae8c2"
"bba85d81-e9e0-47ec-963f-22d86f888fc0","system","2020-07-16 18:13:53.752","system","2020-07-16 18:13:53.752",10,2018,38750,3875,0,0,0,0,0,0,0,0,0,0,0,"c307a9a5-fe80-4dac-82f5-10c99eae188c"
"bc9a4e02-da97-43f5-b39f-56bb6108d889","system","2020-07-16 18:13:53.752","system","2020-07-16 18:13:53.752",2,2019,38670,3867,0,0,0,0,0,0,0,0,0,0,0,"77a974c2-d179-4241-8095-faccf36ae8c2"
"bce2a839-00d0-43f6-ba3b-c8efa20a1403","system","2020-07-16 18:13:53.752","system","2020-07-16 18:13:53.752",6,2019,46330,4633,0,0,0,0,0,0,0,0,0,0,0,"77a974c2-d179-4241-8095-faccf36ae8c2"
"bd802280-ed90-427d-9305-77c831e0810d","system","2020-10-14 23:39:33.299","system","2020-10-14 23:39:33.299",5,2014,0,232.25,0,0,0,0,0,0,0,0,0,0,0,NULL
"bd94c00d-4458-4144-b1db-2f33b39a9f16","system","2020-07-16 18:13:53.752","system","2020-07-16 18:13:53.752",9,2019,42920,4292,0,0,0,0,0,0,0,0,0,0,0,"77a974c2-d179-4241-8095-faccf36ae8c2"
"bde7ceb0-cc00-4eb3-9ed4-ec1a8108f857","system","2020-10-14 23:39:33.299","system","2020-10-14 23:39:33.299",6,2016,0,191,0,0,0,0,0,0,0,0,0,0,0,NULL
"bf4f359c-e1bc-40fd-b28f-7fc97105b655","system","2020-07-16 18:13:53.752","system","2020-07-16 18:13:53.752",9,2018,42020,4202,0,0,0,0,0,0,0,0,0,0,0,"54982639-0e81-4694-a82d-002740f246da"
"c10a589f-2bef-4524-8c15-4ec86900e005","system","2020-10-14 23:39:33.299","system","2020-10-14 23:39:33.299",9,2014,0,225.25,0,0,0,0,0,0,0,0,0,0,0,NULL
"c112599b-656b-4580-9e63-e81daca2545d","system","2020-07-16 18:13:53.752","system","2020-07-16 18:13:53.752",11,2017,35930,3593,0,0,0,0,0,0,0,0,0,0,0,"c307a9a5-fe80-4dac-82f5-10c99eae188c"
"c2146fda-8eb7-4c1f-897d-4e3617999d80","system","2020-10-14 23:39:33.299","system","2020-10-14 23:39:33.299",4,2015,0,222.88,0,0,0,0,0,0,0,0,0,0,0,NULL
"c2623aac-dd94-4fcc-b9b2-dfc82f7a22b3","system","2020-07-16 18:13:53.752","system","2020-07-16 18:13:53.752",12,2017,31620,3162,0,0,0,0,0,0,0,0,0,0,0,"f78ca5ea-c94b-49b2-827d-7ca5e322c4b2"
"c2c0501e-cceb-4a80-b1ed-ffdea81e96cc","system","2020-10-14 23:39:33.299","system","2020-10-14 23:39:33.299",3,2010,0,316.33,0,0,0,0,0,0,0,0,0,0,0,NULL
"c32551d4-5367-469f-8296-fb79096da554","system","2020-07-16 18:13:53.752","system","2020-07-16 18:13:53.752",10,2019,38640,3864,0,0,0,0,0,0,0,0,0,0,0,"b4bd475a-5c43-4e6c-90a2-0b8ffb19979c"
"c34106f2-dc70-44a4-b55a-37d4f1c54193","system","2020-07-16 18:13:53.752","system","2020-07-16 18:13:53.752",4,2019,34180,3418,0,0,0,0,0,0,0,0,0,0,0,"54982639-0e81-4694-a82d-002740f246da"
"c379aa1c-026f-4b20-a566-d185082b5e07","system","2020-07-16 18:13:53.752","system","2020-07-16 18:13:53.752",3,2018,37760,3776,0,0,0,0,0,0,0,0,0,0,0,"41898bb2-578e-4de1-90d2-17d529c09342"
"c37f3467-a44d-42e8-a7f6-d6b348d80de0","system","2020-07-16 18:13:53.752","system","2020-07-16 18:13:53.752",11,2018,39890,3989,0,0,0,0,0,0,0,0,0,0,0,"41898bb2-578e-4de1-90d2-17d529c09342"
"c43f85ce-bef1-498a-ae77-3499ec0dae25","system","2020-07-16 18:13:53.752","system","2020-07-16 18:13:53.752",1,2019,39630,3963,0,0,0,0,0,0,0,0,0,0,0,"55084321-7867-4d7d-b676-107287c76710"
"c49f29de-d344-47fb-8f3a-0b72136b6c3c","system","2020-07-16 18:13:53.752","system","2020-07-16 18:13:53.752",11,2018,39890,3989,0,0,0,0,0,0,0,0,0,0,0,"c307a9a5-fe80-4dac-82f5-10c99eae188c"
"c4d54db7-6c9a-466c-98b9-513c04d9e3e6","system","2020-07-16 18:13:53.752","system","2020-07-16 18:13:53.752",2,2018,36950,3695,0,0,0,0,0,0,0,0,0,0,0,"f78ca5ea-c94b-49b2-827d-7ca5e322c4b2"
"c67bb3c2-ead3-4fa2-9d87-a4ffa75e1536","system","2020-07-16 18:13:53.752","system","2020-07-16 18:13:53.752",1,2018,40920,4092,0,0,0,0,0,0,0,0,0,0,0,"c307a9a5-fe80-4dac-82f5-10c99eae188c"
"c762995b-39fb-4f2f-923b-6c3c450e1eb7","system","2020-07-16 18:13:53.752","system","2020-07-16 18:13:53.752",9,2019,42920,4292,0,0,0,0,0,0,0,0,0,0,0,"55084321-7867-4d7d-b676-107287c76710"
"c7d56172-239d-4631-9d73-90ab1843aa60","system","2020-07-16 18:13:53.752","system","2020-07-16 18:13:53.752",12,2018,29570,2957,0,0,0,0,0,0,0,0,0,0,0,"77a974c2-d179-4241-8095-faccf36ae8c2"
"c7ffe9d3-555f-452b-92af-e8b7213e2cf6","system","2020-10-14 23:39:33.299","system","2020-10-14 23:39:33.299",0,2010,0,295.46,0,0,0,0,0,0,0,0,0,0,0,NULL
"c8ec2cef-b76f-4285-b939-a33e9458eb4e","system","2020-07-16 18:13:53.752","system","2020-07-16 18:13:53.752",6,2017,45210,4521,0,0,0,0,0,0,0,0,0,0,0,"54982639-0e81-4694-a82d-002740f246da"
"ca3cfccd-fc78-4526-85b9-50f4ea07c62f","system","2020-07-16 18:13:53.752","system","2020-07-16 18:13:53.752",5,2017,37920,3792,0,0,0,0,0,0,0,0,0,0,0,"b4bd475a-5c43-4e6c-90a2-0b8ffb19979c"
"ca4dd321-3b7e-4846-abd4-f87f43d70b77","system","2020-10-14 23:39:33.299","system","2020-10-14 23:39:33.299",0,2014,0,231.5,0,0,0,0,0,0,0,0,0,0,0,NULL
"ca637c44-a7e3-445e-8055-2dfc4aca3141","system","2020-10-14 23:39:33.299","system","2020-10-14 23:39:33.299",9,2013,0,235.28,0,0,0,0,0,0,0,0,0,0,0,NULL
"ca7455c8-a79d-4092-b0fc-523f21664ea2","system","2020-07-16 18:13:53.752","system","2020-07-16 18:13:53.752",7,2017,41120,4112,0,0,0,0,0,0,0,0,0,0,0,"b4bd475a-5c43-4e6c-90a2-0b8ffb19979c"
"ca771872-45b0-4d3e-8ed0-f5efe5db98e5","system","2020-07-16 18:13:53.752","system","2020-07-16 18:13:53.752",1,2018,40920,4092,0,0,0,0,0,0,0,0,0,0,0,"55084321-7867-4d7d-b676-107287c76710"
"cacd0088-2c8b-447c-9dcb-cf08ad0b4c2e","system","2020-07-16 18:13:53.752","system","2020-07-16 18:13:53.752",2,2017,30710,3071,0,0,0,0,0,0,0,0,0,0,0,"55084321-7867-4d7d-b676-107287c76710"
"cb002cb7-cc54-4e31-86ef-ff51df163a9a","system","2020-07-16 18:13:53.752","system","2020-07-16 18:13:53.752",11,2019,39520,3952,0,0,0,0,0,0,0,0,0,0,0,"55084321-7867-4d7d-b676-107287c76710"
"cca02370-2b34-4903-b96a-831198b714b6","system","2020-10-14 23:39:33.299","system","2020-10-14 23:39:33.299",1,2013,0,295.46,0,0,0,0,0,0,0,0,0,0,0,NULL
"ccfb4008-305a-481b-b316-8b718c862595","system","2020-07-16 18:13:53.752","system","2020-07-16 18:13:53.752",3,2017,35440,3544,0,0,0,0,0,0,0,0,0,0,0,"b4bd475a-5c43-4e6c-90a2-0b8ffb19979c"
"ce64c9f5-c3d2-4f01-bd0e-bfe9b665cec0","system","2020-07-16 18:13:53.752","system","2020-07-16 18:13:53.752",3,2017,35440,3544,0,0,0,0,0,0,0,0,0,0,0,"54982639-0e81-4694-a82d-002740f246da"
"cf45a1c3-de77-4a23-a145-a9728322401d","system","2020-07-16 18:13:53.752","system","2020-07-16 18:13:53.752",10,2017,34650,3465,0,0,0,0,0,0,0,0,0,0,0,"c307a9a5-fe80-4dac-82f5-10c99eae188c"
"cf52a022-6fc9-4285-b974-d0a72d4f90fe","system","2020-07-16 18:13:53.752","system","2020-07-16 18:13:53.752",7,2017,41120,4112,0,0,0,0,0,0,0,0,0,0,0,"41898bb2-578e-4de1-90d2-17d529c09342"
"cf59b347-0b25-4186-8808-88482bbcc42e","system","2020-07-16 18:13:53.752","system","2020-07-16 18:13:53.752",2,2017,30710,3071,0,0,0,0,0,0,0,0,0,0,0,"f78ca5ea-c94b-49b2-827d-7ca5e322c4b2"
"cfd05283-3677-401a-afdf-e96e0343705f","system","2020-07-16 18:13:53.752","system","2020-07-16 18:13:53.752",9,2018,42020,4202,0,0,0,0,0,0,0,0,0,0,0,"41898bb2-578e-4de1-90d2-17d529c09342"
"d0221d12-b156-451b-9e26-798bfdc73c48","system","2020-10-14 23:39:33.299","system","2020-10-14 23:39:33.299",0,2011,0,295.46,0,0,0,0,0,0,0,0,0,0,0,NULL
"d1338fd5-1dd3-440f-aa86-5a7770d98e69","system","2020-07-16 18:13:53.752","system","2020-07-16 18:13:53.752",6,2017,45210,4521,0,0,0,0,0,0,0,0,0,0,0,"41898bb2-578e-4de1-90d2-17d529c09342"
"d13ddda9-1a0e-4469-b17f-8c0a88de0442","system","2020-10-14 23:39:33.299","system","2020-10-14 23:39:33.299",10,2012,0,294.33,0,0,0,0,0,0,0,0,0,0,0,NULL
"d1836cd8-47e2-4342-8642-26aeaab922bf","system","2020-07-16 18:13:53.752","system","2020-07-16 18:13:53.752",11,2017,35930,3593,0,0,0,0,0,0,0,0,0,0,0,"41898bb2-578e-4de1-90d2-17d529c09342"
"d1b21dd4-17cd-48a7-8e89-d9da03ef229c","system","2020-07-16 18:13:53.752","system","2020-07-16 18:13:53.752",4,2019,34180,3418,0,0,0,0,0,0,0,0,0,0,0,"55084321-7867-4d7d-b676-107287c76710"
"d3fdac73-7d0f-4f9c-b0eb-de951f25c34d","system","2020-10-14 23:39:33.299","system","2020-10-14 23:39:33.299",1,2010,0,295.46,0,0,0,0,0,0,0,0,0,0,0,NULL
"d4c4057f-5300-41d9-b728-eca0028ce4ce","system","2020-10-14 23:39:33.299","system","2020-10-14 23:39:33.299",5,2013,0,315.11,0,0,0,0,0,0,0,0,0,0,0,NULL
"d50ce50f-eb7a-4d73-875f-4681dd76c457","system","2020-07-16 18:13:53.752","system","2020-07-16 18:13:53.752",8,2018,42020,4202,0,0,0,0,0,0,0,0,0,0,0,"54982639-0e81-4694-a82d-002740f246da"
"d59b2f88-174f-4e59-8b74-4d5be6f6e2b6","system","2020-07-16 18:13:53.752","system","2020-07-16 18:13:53.752",11,2017,35930,3593,0,0,0,0,0,0,0,0,0,0,0,"55084321-7867-4d7d-b676-107287c76710"
"d59d64f6-f492-4990-be6b-68483e2c6766","system","2020-07-16 18:13:53.752","system","2020-07-16 18:13:53.752",5,2017,37920,3792,0,0,0,0,0,0,0,0,0,0,0,"54982639-0e81-4694-a82d-002740f246da"
"d5a5161d-2ad1-4ba2-a754-6fc666b3c3c3","system","2020-07-16 18:13:53.752","system","2020-07-16 18:13:53.752",7,2018,44850,4485,0,0,0,0,0,0,0,0,0,0,0,"b4bd475a-5c43-4e6c-90a2-0b8ffb19979c"
"d70eae69-9827-4ace-934d-5eeea712c476","system","2020-07-16 18:13:53.752","system","2020-07-16 18:13:53.752",5,2018,46030,4603,0,0,0,0,0,0,0,0,0,0,0,"c307a9a5-fe80-4dac-82f5-10c99eae188c"
"d7a02e87-27f6-4ff4-978a-9cdda4cae832","system","2020-07-16 18:13:53.752","system","2020-07-16 18:13:53.752",10,2018,38750,3875,0,0,0,0,0,0,0,0,0,0,0,"b4bd475a-5c43-4e6c-90a2-0b8ffb19979c"
"d7c3c0c0-fe84-486a-ab75-39c6befdb9c9","system","2020-07-16 18:13:53.752","system","2020-07-16 18:13:53.752",10,2017,34650,3465,0,0,0,0,0,0,0,0,0,0,0,"b4bd475a-5c43-4e6c-90a2-0b8ffb19979c"
"d8383b0b-f278-4229-bdc8-5c50a822b01a","system","2020-10-14 23:39:33.299","system","2020-10-14 23:39:33.299",8,2011,0,303.92,0,0,0,0,0,0,0,0,0,0,0,NULL
"d9179b17-ceda-40af-9f59-1cce378b28a7","system","2020-07-16 18:13:53.752","system","2020-07-16 18:13:53.752",7,2019,44100,4410,0,0,0,0,0,0,0,0,0,0,0,"41898bb2-578e-4de1-90d2-17d529c09342"
"d9ec9c36-b801-4612-9ca2-e0e674ec2968","system","2020-07-16 18:13:53.752","system","2020-07-16 18:13:53.752",3,2019,30320,3032,0,0,0,0,0,0,0,0,0,0,0,"41898bb2-578e-4de1-90d2-17d529c09342"
"d9f697a9-4b62-4296-b5a2-89a9a861cd01","system","2020-07-16 18:13:53.752","system","2020-07-16 18:13:53.752",6,2018,46030,4603,0,0,0,0,0,0,0,0,0,0,0,"54982639-0e81-4694-a82d-002740f246da"
"da89aacd-b845-4bbf-8b36-faef67ab7a00","system","2020-07-16 18:13:53.752","system","2020-07-16 18:13:53.752",8,2018,42020,4202,0,0,0,0,0,0,0,0,0,0,0,"b4bd475a-5c43-4e6c-90a2-0b8ffb19979c"
"daf07e80-f5b1-4dcb-8f6c-408a94182f5a","system","2020-07-16 18:13:53.752","system","2020-07-16 18:13:53.752",1,2019,39630,3963,0,0,0,0,0,0,0,0,0,0,0,"54982639-0e81-4694-a82d-002740f246da"
"db8db384-eed9-4c3c-821a-0ea5cf4a2289","system","2020-07-16 18:13:53.752","system","2020-07-16 18:13:53.752",2,2019,38670,3867,0,0,0,0,0,0,0,0,0,0,0,"f78ca5ea-c94b-49b2-827d-7ca5e322c4b2"
"dcfdf170-2a99-4490-903d-1f1ef39337c0","system","2020-07-16 18:13:53.752","system","2020-07-16 18:13:53.752",2,2019,38670,3867,0,0,0,0,0,0,0,0,0,0,0,"c307a9a5-fe80-4dac-82f5-10c99eae188c"
"ddf06d69-181c-45e4-9c4d-1e375e37b474","system","2020-10-14 23:39:33.299","system","2020-10-14 23:39:33.299",0,2015,0,225.25,0,0,0,0,0,0,0,0,0,0,0,NULL
"ded25790-64b3-4d79-a47a-6247431b8b83","system","2020-07-16 18:13:53.752","system","2020-07-16 18:13:53.752",1,2017,39460,3946,0,0,0,0,0,0,0,0,0,0,0,"77a974c2-d179-4241-8095-faccf36ae8c2"
"df99717b-678a-49a8-9465-35201a87d269","system","2020-07-16 18:13:53.752","system","2020-07-16 18:13:53.752",4,2017,40150,4015,0,0,0,0,0,0,0,0,0,0,0,"f78ca5ea-c94b-49b2-827d-7ca5e322c4b2"
"e0157cc2-bc51-4f71-b387-cad5c52bb74e","system","2020-07-16 18:13:53.752","system","2020-07-16 18:13:53.752",2,2018,36950,3695,0,0,0,0,0,0,0,0,0,0,0,"41898bb2-578e-4de1-90d2-17d529c09342"
"e07a9139-00ae-4af9-9dd4-3b86a9804be0","system","2020-07-16 18:13:53.752","system","2020-07-16 18:13:53.752",9,2017,38680,3868,0,0,0,0,0,0,0,0,0,0,0,"77a974c2-d179-4241-8095-faccf36ae8c2"
"e13b2d5f-90c0-4293-944d-ae10bd11666e","system","2020-07-16 18:13:53.752","system","2020-07-16 18:13:53.752",8,2019,42090,4209,0,0,0,0,0,0,0,0,0,0,0,"77a974c2-d179-4241-8095-faccf36ae8c2"
"e1a63ca2-812e-4c68-8901-c29402b45e67","system","2020-07-16 18:13:53.752","system","2020-07-16 18:13:53.752",10,2018,38750,3875,0,0,0,0,0,0,0,0,0,0,0,"77a974c2-d179-4241-8095-faccf36ae8c2"
"e1b80a4f-b382-4b6f-9564-3d50c7bde9d3","system","2020-07-16 18:13:53.752","system","2020-07-16 18:13:53.752",2,2019,38670,3867,0,0,0,0,0,0,0,0,0,0,0,"55084321-7867-4d7d-b676-107287c76710"
"e20e49bf-9cb8-40b5-8223-9ffd4e68eb66","system","2020-07-16 18:13:53.752","system","2020-07-16 18:13:53.752",11,2019,39520,3952,0,0,0,0,0,0,0,0,0,0,0,"f78ca5ea-c94b-49b2-827d-7ca5e322c4b2"
"e299c39b-7af5-4d88-bf01-ac8f60e2d0de","system","2020-07-16 18:13:53.752","system","2020-07-16 18:13:53.752",1,2019,39630,3963,0,0,0,0,0,0,0,0,0,0,0,"41898bb2-578e-4de1-90d2-17d529c09342"
"e4934237-c688-48a3-b0a7-9786ba973083","system","2020-07-16 18:13:53.752","system","2020-07-16 18:13:53.752",8,2017,38650,3865,0,0,0,0,0,0,0,0,0,0,0,"b4bd475a-5c43-4e6c-90a2-0b8ffb19979c"
"e6788a7f-a390-410a-8bdc-47a9ca1f850c","system","2020-07-16 18:13:53.752","system","2020-07-16 18:13:53.752",5,2018,46030,4603,0,0,0,0,0,0,0,0,0,0,0,"b4bd475a-5c43-4e6c-90a2-0b8ffb19979c"
"e881f758-51a4-4b54-81b8-5353cb0a31d7","system","2020-07-16 18:13:53.752","system","2020-07-16 18:13:53.752",10,2019,38640,3864,0,0,0,0,0,0,0,0,0,0,0,"41898bb2-578e-4de1-90d2-17d529c09342"
"e891e228-0f2a-4ea3-b6f4-30ae940c875a","system","2020-10-14 23:39:33.299","system","2020-10-14 23:39:33.299",7,2016,0,191,0,0,0,0,0,0,0,0,0,0,0,NULL
"e8adc626-b825-4fe4-a2f0-72f2351f5182","system","2020-10-14 23:39:33.299","system","2020-10-14 23:39:33.299",11,2014,0,225.25,0,0,0,0,0,0,0,0,0,0,0,NULL
"e9d331f6-3051-4484-b736-ac0cc70397e2","system","2020-07-16 18:13:53.752","system","2020-07-16 18:13:53.752",6,2019,46330,4633,0,0,0,0,0,0,0,0,0,0,0,"55084321-7867-4d7d-b676-107287c76710"
"ea8c5238-d0db-4d46-8467-cc9ca3b2a113","system","2020-07-16 18:13:53.752","system","2020-07-16 18:13:53.752",12,2018,29570,2957,0,0,0,0,0,0,0,0,0,0,0,"b4bd475a-5c43-4e6c-90a2-0b8ffb19979c"
"ece432b4-afbb-432a-936c-c87d7d144ca2","system","2020-10-14 23:39:33.299","system","2020-10-14 23:39:33.299",10,2013,0,231.5,0,0,0,0,0,0,0,0,0,0,0,NULL
"ee84cf71-afa1-411a-a509-f8b7303a2740","system","2020-07-16 18:13:53.752","system","2020-07-16 18:13:53.752",5,2017,37920,3792,0,0,0,0,0,0,0,0,0,0,0,"41898bb2-578e-4de1-90d2-17d529c09342"
"ee93ce60-d005-4219-823b-0a47100a0878","system","2020-07-16 18:13:53.752","system","2020-07-16 18:13:53.752",12,2017,31620,3162,0,0,0,0,0,0,0,0,0,0,0,"77a974c2-d179-4241-8095-faccf36ae8c2"
"ef98e790-411c-4bd6-847f-40ed6610c8d2","system","2020-07-16 18:13:53.752","system","2020-07-16 18:13:53.752",3,2018,37760,3776,0,0,0,0,0,0,0,0,0,0,0,"c307a9a5-fe80-4dac-82f5-10c99eae188c"
"efbc1f45-fe22-446a-a0ac-dab0d2fc21c7","system","2020-07-16 18:13:53.752","system","2020-07-16 18:13:53.752",10,2019,38640,3864,0,0,0,0,0,0,0,0,0,0,0,"77a974c2-d179-4241-8095-faccf36ae8c2"
"efc67849-2e3c-41c8-a3cf-002defaa4d8f","system","2020-07-16 18:13:53.752","system","2020-07-16 18:13:53.752",11,2019,39520,3952,0,0,0,0,0,0,0,0,0,0,0,"77a974c2-d179-4241-8095-faccf36ae8c2"
"f12b7ee3-3a50-4b77-bee4-32546a07678b","system","2020-10-14 23:39:33.299","system","2020-10-14 23:39:33.299",2,2015,0,222.88,0,0,0,0,0,0,0,0,0,0,0,NULL
"f1b133c4-331a-4313-8eae-28821fcc5c76","system","2020-07-16 18:13:53.752","system","2020-07-16 18:13:53.752",9,2018,42020,4202,0,0,0,0,0,0,0,0,0,0,0,"77a974c2-d179-4241-8095-faccf36ae8c2"
"f27baa8d-3c12-475d-869d-fcc725db16a4","system","2020-07-16 18:13:53.752","system","2020-07-16 18:13:53.752",5,2019,46250,4625,0,0,0,0,0,0,0,0,0,0,0,"c307a9a5-fe80-4dac-82f5-10c99eae188c"
"f2af642d-8d07-4181-a6df-fafefecd5079","system","2020-07-16 18:13:53.752","system","2020-07-16 18:13:53.752",8,2017,38650,3865,0,0,0,0,0,0,0,0,0,0,0,"77a974c2-d179-4241-8095-faccf36ae8c2"
"f3bf4aef-7119-4b19-99a8-503c18ff6b38","system","2020-07-16 18:13:53.752","system","2020-07-16 18:13:53.752",9,2018,42020,4202,0,0,0,0,0,0,0,0,0,0,0,"b4bd475a-5c43-4e6c-90a2-0b8ffb19979c"
"f3e16571-98b4-44f6-958f-0d6542b890d2","system","2020-07-16 18:13:53.752","system","2020-07-16 18:13:53.752",3,2018,37760,3776,0,0,0,0,0,0,0,0,0,0,0,"55084321-7867-4d7d-b676-107287c76710"
"f435d364-f2cd-4d16-a481-1e24eea0cd52","system","2020-07-16 18:13:53.752","system","2020-07-16 18:13:53.752",1,2018,40920,4092,0,0,0,0,0,0,0,0,0,0,0,"b4bd475a-5c43-4e6c-90a2-0b8ffb19979c"
"f48dcfd2-1442-4375-a931-2c5b86a1d149","system","2020-10-14 23:39:33.299","system","2020-10-14 23:39:33.299",11,2013,0,231.5,0,0,0,0,0,0,0,0,0,0,0,NULL
"f4baeac1-90fb-482b-8df2-ddb3cb3607ec","system","2020-07-16 18:13:53.752","system","2020-07-16 18:13:53.752",1,2018,40920,4092,0,0,0,0,0,0,0,0,0,0,0,"f78ca5ea-c94b-49b2-827d-7ca5e322c4b2"
"f530159b-db39-4527-b458-69a5c1340461","system","2020-07-16 18:13:53.752","system","2020-07-16 18:13:53.752",9,2018,42020,4202,0,0,0,0,0,0,0,0,0,0,0,"f78ca5ea-c94b-49b2-827d-7ca5e322c4b2"
"f59d8b37-b6d9-4503-a656-6a5d95af853d","system","2020-10-14 23:39:33.299","system","2020-10-14 23:39:33.299",10,2014,0,225.25,0,0,0,0,0,0,0,0,0,0,0,NULL
"f8d79de6-5954-41fc-98b1-fa07c1b54895","system","2020-10-14 23:39:33.299","system","2020-10-14 23:39:33.299",7,2010,0,303.92,0,0,0,0,0,0,0,0,0,0,0,NULL
"f97e1ff7-7734-4db3-80d3-3a949c52ab3d","system","2020-10-14 23:39:33.299","system","2020-10-14 23:39:33.299",6,2012,0,294.13,0,0,0,0,0,0,0,0,0,0,0,NULL
"fa22b077-b78e-43ce-b895-90e7a99a23d0","system","2020-07-16 18:13:53.752","system","2020-07-16 18:13:53.752",12,2019,30100,3010,0,0,0,0,0,0,0,0,0,0,0,"54982639-0e81-4694-a82d-002740f246da"
"fab34c64-d9bf-4e9e-b6e3-f4dee81beabe","system","2020-07-16 18:13:53.752","system","2020-07-16 18:13:53.752",11,2017,35930,3593,0,0,0,0,0,0,0,0,0,0,0,"b4bd475a-5c43-4e6c-90a2-0b8ffb19979c"
"faefda04-c0c6-4370-807d-efbc030fb550","system","2020-07-16 18:13:53.752","system","2020-07-16 18:13:53.752",8,2017,38650,3865,0,0,0,0,0,0,0,0,0,0,0,"55084321-7867-4d7d-b676-107287c76710"
"fd23e9f3-0b3b-4ee7-a709-7d226b0e2936","system","2020-07-16 18:13:53.752","system","2020-07-16 18:13:53.752",8,2018,42020,4202,0,0,0,0,0,0,0,0,0,0,0,"c307a9a5-fe80-4dac-82f5-10c99eae188c"
"fd2f4d3f-9cba-4b1e-a516-63e5f86b6a0f","system","2020-07-16 18:13:53.752","system","2020-07-16 18:13:53.752",4,2018,36640,3664,0,0,0,0,0,0,0,0,0,0,0,"54982639-0e81-4694-a82d-002740f246da"
"fd4d3592-e88b-4c28-a763-1aba2b3211bf","system","2020-07-16 18:13:53.752","system","2020-07-16 18:13:53.752",12,2018,29570,2957,0,0,0,0,0,0,0,0,0,0,0,"c307a9a5-fe80-4dac-82f5-10c99eae188c"
"fdfdb1a0-569e-4a16-9315-3abe2256d339","system","2020-07-16 18:13:53.752","system","2020-07-16 18:13:53.752",10,2019,38640,3864,0,0,0,0,0,0,0,0,0,0,0,"c307a9a5-fe80-4dac-82f5-10c99eae188c"
"ff226d85-6e2e-4711-a580-ce7db6497353","system","2020-07-16 18:13:53.752","system","2020-07-16 18:13:53.752",1,2019,39630,3963,0,0,0,0,0,0,0,0,0,0,0,"c307a9a5-fe80-4dac-82f5-10c99eae188c"